

============================== 19:11:31.555741 | d71cb5e6-6854-4d87-8733-9f650d7d2a86 ==============================
[0m19:11:31.555741 [info ] [MainThread]: Running with dbt=1.7.7
[0m19:11:31.562926 [debug] [MainThread]: running dbt with arguments {'printer_width': '80', 'indirect_selection': 'eager', 'log_cache_events': 'False', 'write_json': 'True', 'partial_parse': 'True', 'cache_selected_only': 'False', 'warn_error': 'None', 'version_check': 'True', 'profiles_dir': '/Users/linlin/git/dbt-demo', 'log_path': '/Users/linlin/git/dbt-demo/logs', 'debug': 'False', 'fail_fast': 'False', 'use_colors': 'True', 'use_experimental_parser': 'False', 'no_print': 'None', 'quiet': 'False', 'log_format': 'default', 'invocation_command': 'dbt docs serve', 'warn_error_options': 'WarnErrorOptions(include=[], exclude=[])', 'introspect': 'True', 'target_path': 'None', 'static_parser': 'True', 'send_anonymous_usage_stats': 'False'}
[0m19:11:31.573569 [error] [MainThread]: Encountered an error:
Parsing Error
  Env var required but not provided: 'SNOWFLAKE_ACCOUNT'
[0m19:11:31.584524 [debug] [MainThread]: Flushing usage events


============================== 22:13:17.789113 | 24223b5f-b7d4-4e85-a5fc-85dc9de840b9 ==============================
[0m22:13:17.789113 [info ] [MainThread]: Running with dbt=1.7.7
[0m22:13:17.798367 [debug] [MainThread]: running dbt with arguments {'printer_width': '80', 'indirect_selection': 'eager', 'log_cache_events': 'False', 'write_json': 'True', 'partial_parse': 'True', 'cache_selected_only': 'False', 'profiles_dir': '/Users/linlin/git/dbt-demo', 'version_check': 'True', 'warn_error': 'None', 'log_path': '/Users/linlin/git/dbt-demo/logs', 'fail_fast': 'False', 'debug': 'False', 'use_colors': 'True', 'use_experimental_parser': 'False', 'no_print': 'None', 'quiet': 'False', 'warn_error_options': 'WarnErrorOptions(include=[], exclude=[])', 'static_parser': 'True', 'log_format': 'default', 'invocation_command': 'dbt debug', 'target_path': 'None', 'introspect': 'True', 'send_anonymous_usage_stats': 'False'}
[0m22:13:17.799769 [info ] [MainThread]: dbt version: 1.7.7
[0m22:13:17.800642 [info ] [MainThread]: python version: 3.8.19
[0m22:13:17.801342 [info ] [MainThread]: python path: /usr/local/opt/python@3.8/bin/python3.8
[0m22:13:17.802054 [info ] [MainThread]: os info: macOS-12.2.1-x86_64-i386-64bit
[0m22:13:17.813091 [error] [MainThread]: Encountered an error:
Parsing Error
  Env var required but not provided: 'SNOWFLAKE_ACCOUNT'
[0m22:13:17.818447 [debug] [MainThread]: Flushing usage events


============================== 22:13:52.068425 | f903bff4-1af5-45c8-ad6f-90ec4543b430 ==============================
[0m22:13:52.068425 [info ] [MainThread]: Running with dbt=1.7.7
[0m22:13:52.076726 [debug] [MainThread]: running dbt with arguments {'printer_width': '80', 'indirect_selection': 'eager', 'write_json': 'True', 'log_cache_events': 'False', 'partial_parse': 'True', 'cache_selected_only': 'False', 'warn_error': 'None', 'version_check': 'True', 'fail_fast': 'False', 'log_path': '/Users/linlin/git/dbt-demo/logs', 'profiles_dir': '/Users/linlin/git/dbt-demo', 'debug': 'False', 'use_colors': 'True', 'use_experimental_parser': 'False', 'no_print': 'None', 'quiet': 'False', 'log_format': 'default', 'invocation_command': 'dbt deps', 'warn_error_options': 'WarnErrorOptions(include=[], exclude=[])', 'static_parser': 'True', 'target_path': 'None', 'introspect': 'True', 'send_anonymous_usage_stats': 'False'}
[0m22:13:52.310440 [debug] [MainThread]: Set downloads directory='/var/folders/xz/z8dqq02j49vdftspzm2zvdl80000gn/T/dbt-downloads-_0us5oor'
[0m22:13:52.311353 [debug] [MainThread]: Making package index registry request: GET https://hub.getdbt.com/api/v1/index.json
[0m22:13:52.695142 [debug] [MainThread]: Response from registry index: GET https://hub.getdbt.com/api/v1/index.json 200
[0m22:13:52.697099 [debug] [MainThread]: Making package registry request: GET https://hub.getdbt.com/api/v1/dbt-labs/dbt_utils.json
[0m22:13:52.744891 [debug] [MainThread]: Response from registry: GET https://hub.getdbt.com/api/v1/dbt-labs/dbt_utils.json 200
[0m22:13:52.754635 [debug] [MainThread]: Making package registry request: GET https://hub.getdbt.com/api/v1/elementary-data/elementary.json
[0m22:13:53.324925 [debug] [MainThread]: Response from registry: GET https://hub.getdbt.com/api/v1/elementary-data/elementary.json 200
[0m22:13:53.337725 [debug] [MainThread]: Making package registry request: GET https://hub.getdbt.com/api/v1/omnata-labs/dbt_ml_preprocessing.json
[0m22:13:53.730177 [debug] [MainThread]: Response from registry: GET https://hub.getdbt.com/api/v1/omnata-labs/dbt_ml_preprocessing.json 200
[0m22:13:53.732377 [debug] [MainThread]: Making package registry request: GET https://hub.getdbt.com/api/v1/calogica/dbt_expectations.json
[0m22:13:54.244986 [debug] [MainThread]: Response from registry: GET https://hub.getdbt.com/api/v1/calogica/dbt_expectations.json 200
[0m22:13:54.253166 [debug] [MainThread]: Making package registry request: GET https://hub.getdbt.com/api/v1/dbt-labs/dbt_external_tables.json
[0m22:13:54.301521 [debug] [MainThread]: Response from registry: GET https://hub.getdbt.com/api/v1/dbt-labs/dbt_external_tables.json 200
[0m22:13:54.306604 [debug] [MainThread]: Making package registry request: GET https://hub.getdbt.com/api/v1/dbt-labs/audit_helper.json
[0m22:13:54.860818 [debug] [MainThread]: Response from registry: GET https://hub.getdbt.com/api/v1/dbt-labs/audit_helper.json 200
[0m22:13:54.871547 [debug] [MainThread]: Making package registry request: GET https://hub.getdbt.com/api/v1/calogica/dbt_date.json
[0m22:13:55.370147 [debug] [MainThread]: Response from registry: GET https://hub.getdbt.com/api/v1/calogica/dbt_date.json 200
[0m22:13:55.409978 [info ] [MainThread]: Updating lock file in file path: /Users/linlin/git/dbt-demo/package-lock.yml
[0m22:13:55.588872 [debug] [MainThread]: Set downloads directory='/var/folders/xz/z8dqq02j49vdftspzm2zvdl80000gn/T/dbt-downloads-zbca1x29'
[0m22:13:55.621327 [info ] [MainThread]: Installing dbt-labs/dbt_utils
[0m22:13:56.125777 [info ] [MainThread]: Installed from version 0.9.2
[0m22:13:56.126684 [info ] [MainThread]: Updated version available: 1.3.0
[0m22:13:56.128276 [info ] [MainThread]: Installing elementary-data/elementary
[0m22:13:56.753221 [info ] [MainThread]: Installed from version 0.7.5
[0m22:13:56.754081 [info ] [MainThread]: Updated version available: 0.16.1
[0m22:13:56.754846 [info ] [MainThread]: Installing omnata-labs/dbt_ml_preprocessing
[0m22:13:57.494707 [info ] [MainThread]: Installed from version 1.1.0
[0m22:13:57.495582 [info ] [MainThread]: Up to date!
[0m22:13:57.496559 [info ] [MainThread]: Installing calogica/dbt_expectations
[0m22:13:59.606977 [info ] [MainThread]: Installed from version 0.8.5
[0m22:13:59.608095 [info ] [MainThread]: Updated version available: 0.10.4
[0m22:13:59.608915 [info ] [MainThread]: Installing dbt-labs/dbt_external_tables
[0m22:13:59.989492 [info ] [MainThread]: Installed from version 0.8.2
[0m22:13:59.990430 [info ] [MainThread]: Updated version available: 0.10.0
[0m22:13:59.991254 [info ] [MainThread]: Installing dbt-labs/audit_helper
[0m22:14:00.338510 [info ] [MainThread]: Installed from version 0.7.0
[0m22:14:00.339352 [info ] [MainThread]: Updated version available: 0.12.0
[0m22:14:00.340188 [info ] [MainThread]: Installing calogica/dbt_date
[0m22:14:00.639836 [info ] [MainThread]: Installed from version 0.7.2
[0m22:14:00.640942 [info ] [MainThread]: Updated version available: 0.10.1
[0m22:14:00.642541 [info ] [MainThread]: 
[0m22:14:00.643312 [info ] [MainThread]: Updates available for packages: ['dbt-labs/dbt_utils', 'elementary-data/elementary', 'calogica/dbt_expectations', 'dbt-labs/dbt_external_tables', 'dbt-labs/audit_helper', 'calogica/dbt_date']                 
Update your versions in packages.yml, then run dbt deps
[0m22:14:00.648473 [debug] [MainThread]: Flushing usage events


============================== 21:50:21.186256 | ffa7f967-4a61-4aa7-a334-740b04414de3 ==============================
[0m21:50:21.186256 [info ] [MainThread]: Running with dbt=1.7.7
[0m21:50:21.191814 [debug] [MainThread]: running dbt with arguments {'printer_width': '80', 'indirect_selection': 'eager', 'log_cache_events': 'False', 'write_json': 'True', 'partial_parse': 'True', 'cache_selected_only': 'False', 'warn_error': 'None', 'fail_fast': 'False', 'profiles_dir': '.', 'log_path': '/Users/linlin/git/dbt-demo/logs', 'version_check': 'True', 'debug': 'False', 'use_colors': 'True', 'use_experimental_parser': 'False', 'no_print': 'None', 'quiet': 'False', 'log_format': 'default', 'introspect': 'True', 'warn_error_options': 'WarnErrorOptions(include=[], exclude=[])', 'invocation_command': 'dbt debug --profiles-dir .', 'target_path': 'None', 'static_parser': 'True', 'send_anonymous_usage_stats': 'False'}
[0m21:50:21.192458 [info ] [MainThread]: dbt version: 1.7.7
[0m21:50:21.192667 [info ] [MainThread]: python version: 3.8.19
[0m21:50:21.192858 [info ] [MainThread]: python path: /usr/local/opt/python@3.8/bin/python3.8
[0m21:50:21.193042 [info ] [MainThread]: os info: macOS-15.1-x86_64-i386-64bit
[0m21:50:21.197744 [error] [MainThread]: Encountered an error:
Parsing Error
  Env var required but not provided: 'SNOWFLAKE_ACCOUNT'
[0m21:50:21.603448 [debug] [MainThread]: Flushing usage events


============================== 17:08:21.597325 | 10acdbf2-f41e-4c8d-8992-b1e0a5174d50 ==============================
[0m17:08:21.597325 [info ] [MainThread]: Running with dbt=1.7.7
[0m17:08:21.602361 [debug] [MainThread]: running dbt with arguments {'printer_width': '80', 'indirect_selection': 'eager', 'write_json': 'True', 'log_cache_events': 'False', 'partial_parse': 'True', 'cache_selected_only': 'False', 'profiles_dir': '.', 'version_check': 'True', 'fail_fast': 'False', 'log_path': '/Users/linlin/git/dbt-demo/logs', 'debug': 'False', 'warn_error': 'None', 'use_colors': 'True', 'use_experimental_parser': 'False', 'no_print': 'None', 'quiet': 'False', 'warn_error_options': 'WarnErrorOptions(include=[], exclude=[])', 'introspect': 'True', 'invocation_command': 'dbt debug --profiles-dir .', 'static_parser': 'True', 'target_path': 'None', 'log_format': 'default', 'send_anonymous_usage_stats': 'False'}
[0m17:08:21.602996 [info ] [MainThread]: dbt version: 1.7.7
[0m17:08:21.603268 [info ] [MainThread]: python version: 3.8.19
[0m17:08:21.603512 [info ] [MainThread]: python path: /usr/local/opt/python@3.8/bin/python3.8
[0m17:08:21.603735 [info ] [MainThread]: os info: macOS-15.1-x86_64-i386-64bit
[0m17:08:21.610846 [info ] [MainThread]: Error importing adapter: No module named 'dbt.adapters.snowflake'
[0m17:08:21.611366 [info ] [MainThread]: Using profiles dir at .
[0m17:08:21.611619 [info ] [MainThread]: Using profiles.yml file at ./profiles.yml
[0m17:08:21.611840 [info ] [MainThread]: Using dbt_project.yml file at /Users/linlin/git/dbt-demo/dbt_project.yml
[0m17:08:21.668275 [info ] [MainThread]: Configuration:
[0m17:08:21.668656 [info ] [MainThread]:   profiles.yml file [[31mERROR invalid[0m]
[0m17:08:21.668999 [info ] [MainThread]:   dbt_project.yml file [[32mOK found and valid[0m]
[0m17:08:21.669284 [info ] [MainThread]: Required dependencies:
[0m17:08:21.669623 [debug] [MainThread]: Executing "git --help"
[0m17:08:21.696016 [debug] [MainThread]: STDOUT: "b"usage: git [-v | --version] [-h | --help] [-C <path>] [-c <name>=<value>]\n           [--exec-path[=<path>]] [--html-path] [--man-path] [--info-path]\n           [-p | --paginate | -P | --no-pager] [--no-replace-objects] [--bare]\n           [--git-dir=<path>] [--work-tree=<path>] [--namespace=<name>]\n           [--config-env=<name>=<envvar>] <command> [<args>]\n\nThese are common Git commands used in various situations:\n\nstart a working area (see also: git help tutorial)\n   clone     Clone a repository into a new directory\n   init      Create an empty Git repository or reinitialize an existing one\n\nwork on the current change (see also: git help everyday)\n   add       Add file contents to the index\n   mv        Move or rename a file, a directory, or a symlink\n   restore   Restore working tree files\n   rm        Remove files from the working tree and from the index\n\nexamine the history and state (see also: git help revisions)\n   bisect    Use binary search to find the commit that introduced a bug\n   diff      Show changes between commits, commit and working tree, etc\n   grep      Print lines matching a pattern\n   log       Show commit logs\n   show      Show various types of objects\n   status    Show the working tree status\n\ngrow, mark and tweak your common history\n   branch    List, create, or delete branches\n   commit    Record changes to the repository\n   merge     Join two or more development histories together\n   rebase    Reapply commits on top of another base tip\n   reset     Reset current HEAD to the specified state\n   switch    Switch branches\n   tag       Create, list, delete or verify a tag object signed with GPG\n\ncollaborate (see also: git help workflows)\n   fetch     Download objects and refs from another repository\n   pull      Fetch from and integrate with another repository or a local branch\n   push      Update remote refs along with associated objects\n\n'git help -a' and 'git help -g' list available subcommands and some\nconcept guides. See 'git help <command>' or 'git help <concept>'\nto read about a specific subcommand or concept.\nSee 'git help git' for an overview of the system.\n""
[0m17:08:21.696687 [debug] [MainThread]: STDERR: "b''"
[0m17:08:21.696986 [info ] [MainThread]:  - git [[32mOK found[0m]

[0m17:08:21.697244 [info ] [MainThread]: Connection test skipped since no profile was found
[0m17:08:21.697495 [info ] [MainThread]: [31m1 check failed:[0m
[0m17:08:21.697720 [info ] [MainThread]: Profile loading failed for the following reason:
Runtime Error
  Credentials in profile "datapai_snowflake", target "dev" invalid: Runtime Error
    Could not find adapter type snowflake!


[0m17:08:21.703899 [debug] [MainThread]: Flushing usage events


============================== 17:09:18.893492 | e400d26d-3fb8-451a-9cdf-207609e0c03c ==============================
[0m17:09:18.893492 [info ] [MainThread]: Running with dbt=1.7.7
[0m17:09:18.897016 [debug] [MainThread]: running dbt with arguments {'printer_width': '80', 'indirect_selection': 'eager', 'log_cache_events': 'False', 'write_json': 'True', 'partial_parse': 'True', 'cache_selected_only': 'False', 'profiles_dir': '.', 'version_check': 'True', 'fail_fast': 'False', 'log_path': '/Users/linlin/git/dbt-demo/logs', 'warn_error': 'None', 'debug': 'False', 'use_colors': 'True', 'use_experimental_parser': 'False', 'no_print': 'None', 'quiet': 'False', 'log_format': 'default', 'invocation_command': 'dbt debug --profiles-dir .', 'static_parser': 'True', 'warn_error_options': 'WarnErrorOptions(include=[], exclude=[])', 'target_path': 'None', 'introspect': 'True', 'send_anonymous_usage_stats': 'False'}
[0m17:09:18.897458 [info ] [MainThread]: dbt version: 1.7.7
[0m17:09:18.897688 [info ] [MainThread]: python version: 3.8.19
[0m17:09:18.897921 [info ] [MainThread]: python path: /usr/local/opt/python@3.8/bin/python3.8
[0m17:09:18.898138 [info ] [MainThread]: os info: macOS-15.1-x86_64-i386-64bit
[0m17:09:35.368473 [info ] [MainThread]: Using profiles dir at .
[0m17:09:35.368849 [info ] [MainThread]: Using profiles.yml file at ./profiles.yml
[0m17:09:35.369172 [info ] [MainThread]: Using dbt_project.yml file at /Users/linlin/git/dbt-demo/dbt_project.yml
[0m17:09:35.369599 [info ] [MainThread]: adapter type: snowflake
[0m17:09:35.369853 [info ] [MainThread]: adapter version: 1.7.5
[0m17:09:35.422874 [info ] [MainThread]: Configuration:
[0m17:09:35.423232 [info ] [MainThread]:   profiles.yml file [[32mOK found and valid[0m]
[0m17:09:35.423460 [info ] [MainThread]:   dbt_project.yml file [[32mOK found and valid[0m]
[0m17:09:35.423678 [info ] [MainThread]: Required dependencies:
[0m17:09:35.423970 [debug] [MainThread]: Executing "git --help"
[0m17:09:35.451007 [debug] [MainThread]: STDOUT: "b"usage: git [-v | --version] [-h | --help] [-C <path>] [-c <name>=<value>]\n           [--exec-path[=<path>]] [--html-path] [--man-path] [--info-path]\n           [-p | --paginate | -P | --no-pager] [--no-replace-objects] [--bare]\n           [--git-dir=<path>] [--work-tree=<path>] [--namespace=<name>]\n           [--config-env=<name>=<envvar>] <command> [<args>]\n\nThese are common Git commands used in various situations:\n\nstart a working area (see also: git help tutorial)\n   clone     Clone a repository into a new directory\n   init      Create an empty Git repository or reinitialize an existing one\n\nwork on the current change (see also: git help everyday)\n   add       Add file contents to the index\n   mv        Move or rename a file, a directory, or a symlink\n   restore   Restore working tree files\n   rm        Remove files from the working tree and from the index\n\nexamine the history and state (see also: git help revisions)\n   bisect    Use binary search to find the commit that introduced a bug\n   diff      Show changes between commits, commit and working tree, etc\n   grep      Print lines matching a pattern\n   log       Show commit logs\n   show      Show various types of objects\n   status    Show the working tree status\n\ngrow, mark and tweak your common history\n   branch    List, create, or delete branches\n   commit    Record changes to the repository\n   merge     Join two or more development histories together\n   rebase    Reapply commits on top of another base tip\n   reset     Reset current HEAD to the specified state\n   switch    Switch branches\n   tag       Create, list, delete or verify a tag object signed with GPG\n\ncollaborate (see also: git help workflows)\n   fetch     Download objects and refs from another repository\n   pull      Fetch from and integrate with another repository or a local branch\n   push      Update remote refs along with associated objects\n\n'git help -a' and 'git help -g' list available subcommands and some\nconcept guides. See 'git help <command>' or 'git help <concept>'\nto read about a specific subcommand or concept.\nSee 'git help git' for an overview of the system.\n""
[0m17:09:35.451677 [debug] [MainThread]: STDERR: "b''"
[0m17:09:35.451990 [info ] [MainThread]:  - git [[32mOK found[0m]

[0m17:09:35.452242 [info ] [MainThread]: Connection:
[0m17:09:35.452524 [info ] [MainThread]:   account: dn97074.ap-southeast-2
[0m17:09:35.452739 [info ] [MainThread]:   user: AIRBYTE_USER
[0m17:09:35.452944 [info ] [MainThread]:   database: DATAPAI
[0m17:09:35.453145 [info ] [MainThread]:   warehouse: datapai_warehouse
[0m17:09:35.453348 [info ] [MainThread]:   role: AIRBYTE_ROLE
[0m17:09:35.453548 [info ] [MainThread]:   schema: DATAPAI
[0m17:09:35.453754 [info ] [MainThread]:   authenticator: None
[0m17:09:35.453955 [info ] [MainThread]:   oauth_client_id: None
[0m17:09:35.454162 [info ] [MainThread]:   query_tag: datapai snowflake dev
[0m17:09:35.454363 [info ] [MainThread]:   client_session_keep_alive: False
[0m17:09:35.454563 [info ] [MainThread]:   host: None
[0m17:09:35.454762 [info ] [MainThread]:   port: None
[0m17:09:35.454962 [info ] [MainThread]:   proxy_host: None
[0m17:09:35.455158 [info ] [MainThread]:   proxy_port: None
[0m17:09:35.455354 [info ] [MainThread]:   protocol: None
[0m17:09:35.455550 [info ] [MainThread]:   connect_retries: 0
[0m17:09:35.455754 [info ] [MainThread]:   connect_timeout: 10
[0m17:09:35.455956 [info ] [MainThread]:   retry_on_database_errors: False
[0m17:09:35.456154 [info ] [MainThread]:   retry_all: False
[0m17:09:35.456351 [info ] [MainThread]:   insecure_mode: False
[0m17:09:35.456548 [info ] [MainThread]:   reuse_connections: False
[0m17:09:35.456899 [info ] [MainThread]: Registered adapter: snowflake=1.7.5
[0m17:09:35.809470 [debug] [MainThread]: Acquiring new snowflake connection 'debug'
[0m17:09:35.811069 [debug] [MainThread]: Using snowflake connection "debug"
[0m17:09:35.811403 [debug] [MainThread]: On debug: select 1 as id
[0m17:09:35.811658 [debug] [MainThread]: Opening a new connection, currently in state init
[0m17:09:36.966306 [debug] [MainThread]: SQL status: SUCCESS 1 in 1.0 seconds
[0m17:09:36.967730 [debug] [MainThread]: On debug: Close
[0m17:09:37.028242 [info ] [MainThread]:   Connection test: [[32mOK connection ok[0m]

[0m17:09:37.028813 [info ] [MainThread]: [32mAll checks passed![0m
[0m17:09:37.032174 [debug] [MainThread]: Connection 'debug' was properly closed.
[0m17:09:37.032768 [debug] [MainThread]: Flushing usage events


============================== 17:10:31.266954 | 64f38af4-647d-49ea-b5cf-8f0e1a766ce9 ==============================
[0m17:10:31.266954 [info ] [MainThread]: Running with dbt=1.7.7
[0m17:10:31.270518 [debug] [MainThread]: running dbt with arguments {'printer_width': '80', 'indirect_selection': 'eager', 'log_cache_events': 'False', 'write_json': 'True', 'partial_parse': 'True', 'cache_selected_only': 'False', 'profiles_dir': '.', 'fail_fast': 'False', 'debug': 'False', 'log_path': '/Users/linlin/git/dbt-demo/logs', 'warn_error': 'None', 'version_check': 'True', 'use_colors': 'True', 'use_experimental_parser': 'False', 'no_print': 'None', 'quiet': 'False', 'warn_error_options': 'WarnErrorOptions(include=[], exclude=[])', 'static_parser': 'True', 'introspect': 'True', 'invocation_command': 'dbt run --profiles-dir . --select stock.* --full-refresh', 'target_path': 'None', 'log_format': 'default', 'send_anonymous_usage_stats': 'False'}
[0m17:10:31.752576 [info ] [MainThread]: Registered adapter: snowflake=1.7.5
[0m17:10:31.796656 [debug] [MainThread]: checksum: 54188551c516f4dd1c42b8d9c289f2bf49f18ae42632e2ba36a64ad29fd60da4, vars: {}, profile: , target: , version: 1.7.7
[0m17:10:31.869170 [debug] [MainThread]: Failed to load parsed file from disk at /Users/linlin/git/dbt-demo/target/partial_parse.msgpack: Field "metrics" of type MutableMapping[str, Metric] in Manifest has invalid value {'metric.datapai.unique_customer_count': {'name': 'unique_customer_count', 'resource_type': 'metric', 'package_name': 'datapai', 'path': 'full-jaffle-shop/metrics.yml', 'original_file_path': 'models/full-jaffle-shop/metrics.yml', 'unique_id': 'metric.datapai.unique_customer_count', 'fqn': ['datapai', 'full-jaffle-shop', 'unique_customer_count'], 'description': 'Total number of customers', 'label': 'Unique customer count', 'calculation_method': 'count_distinct', 'expression': 'customer_id', 'filters': [], 'time_grains': ['day', 'week', 'month', 'quarter', 'year'], 'dimensions': [], 'timestamp': 'created', 'window': None, 'model': "ref('customers')", 'model_unique_id': None, 'meta': {}, 'tags': [], 'config': {'enabled': True, 'group': None}, 'unrendered_config': {}, 'sources': [], 'depends_on': {'macros': [], 'nodes': ['model.datapai.customers']}, 'refs': [{'name': 'customers', 'package': None, 'version': None}], 'metrics': [], 'created_at': 1720749448.5151913, 'group': None}, 'metric.datapai.completed_order_count': {'name': 'completed_order_count', 'resource_type': 'metric', 'package_name': 'datapai', 'path': 'full-jaffle-shop/metrics.yml', 'original_file_path': 'models/full-jaffle-shop/metrics.yml', 'unique_id': 'metric.datapai.completed_order_count', 'fqn': ['datapai', 'full-jaffle-shop', 'completed_order_count'], 'description': 'Total number of completed orders', 'label': 'Completed order count', 'calculation_method': 'count_distinct', 'expression': 'order_id', 'filters': [{'field': 'is_completed', 'operator': '=', 'value': 'true'}], 'time_grains': ['day', 'week', 'month', 'quarter', 'year'], 'dimensions': [], 'timestamp': 'order_date', 'window': None, 'model': "ref('orders')", 'model_unique_id': None, 'meta': {}, 'tags': [], 'config': {'enabled': True, 'group': None}, 'unrendered_config': {}, 'sources': [], 'depends_on': {'macros': [], 'nodes': ['model.datapai.orders']}, 'refs': [{'name': 'orders', 'package': None, 'version': None}], 'metrics': [], 'created_at': 1720749448.5240507, 'group': None}, 'metric.datapai.dbt_expression': {'name': 'dbt_expression', 'resource_type': 'metric', 'package_name': 'datapai', 'path': 'full-jaffle-shop/metrics.yml', 'original_file_path': 'models/full-jaffle-shop/metrics.yml', 'unique_id': 'metric.datapai.dbt_expression', 'fqn': ['datapai', 'full-jaffle-shop', 'dbt_expression'], 'description': 'derived metric in v1.2 ( deprecated )', 'label': 'dbt_expression', 'calculation_method': 'derived', 'expression': 'unique_customer_count / unique_customer_count', 'filters': [], 'time_grains': ['day', 'week', 'month', 'quarter', 'year'], 'dimensions': [], 'timestamp': 'created', 'window': None, 'model': None, 'model_unique_id': None, 'meta': {}, 'tags': [], 'config': {'enabled': True, 'group': None}, 'unrendered_config': {}, 'sources': [], 'depends_on': {'macros': [], 'nodes': ['metric.datapai.unique_customer_count', 'metric.datapai.unique_customer_count']}, 'refs': [], 'metrics': [['unique_customer_count'], ['unique_customer_count']], 'created_at': 1720749448.5301936, 'group': None}, 'metric.datapai.dbt_derived': {'name': 'dbt_derived', 'resource_type': 'metric', 'package_name': 'datapai', 'path': 'full-jaffle-shop/metrics.yml', 'original_file_path': 'models/full-jaffle-shop/metrics.yml', 'unique_id': 'metric.datapai.dbt_derived', 'fqn': ['datapai', 'full-jaffle-shop', 'dbt_derived'], 'description': '', 'label': 'dbt_derived', 'calculation_method': 'derived', 'expression': 'unique_customer_count / unique_customer_count', 'filters': [], 'time_grains': ['day', 'week', 'month', 'quarter', 'year'], 'dimensions': [], 'timestamp': 'created', 'window': None, 'model': None, 'model_unique_id': None, 'meta': {}, 'tags': [], 'config': {'enabled': True, 'group': None}, 'unrendered_config': {}, 'sources': [], 'depends_on': {'macros': [], 'nodes': ['metric.datapai.unique_customer_count', 'metric.datapai.unique_customer_count']}, 'refs': [], 'metrics': [['unique_customer_count'], ['unique_customer_count']], 'created_at': 1720749448.5368838, 'group': None}}
[0m17:10:34.989956 [error] [MainThread]: Encountered an error:
Parsing Error
  Invalid metrics config given in FilePath(searched_path='models', relative_path='full-jaffle-shop/metrics.yml', modification_time=1712991810.7719529, project_root='/Users/linlin/git/dbt-demo') @ metrics: {'name': 'unique_customer_count', 'label': 'Unique customer count', 'model': "ref('customers')", 'description': 'Total number of customers', 'type': 'count_distinct', 'sql': 'customer_id', 'timestamp': 'created', 'time_grains': ['day', 'week', 'month', 'quarter', 'year']} - at path []: Additional properties are not allowed ('model', 'sql', 'time_grains', 'timestamp' were unexpected)
[0m17:10:34.992076 [debug] [MainThread]: Flushing usage events


============================== 17:11:11.840299 | 9c07e25a-7082-43bf-b83c-58c196443f49 ==============================
[0m17:11:11.840299 [info ] [MainThread]: Running with dbt=1.7.7
[0m17:11:11.844423 [debug] [MainThread]: running dbt with arguments {'printer_width': '80', 'indirect_selection': 'eager', 'log_cache_events': 'False', 'write_json': 'True', 'partial_parse': 'True', 'cache_selected_only': 'False', 'profiles_dir': '.', 'debug': 'False', 'version_check': 'True', 'log_path': '/Users/linlin/git/dbt-demo/logs', 'fail_fast': 'False', 'warn_error': 'None', 'use_colors': 'True', 'use_experimental_parser': 'False', 'no_print': 'None', 'quiet': 'False', 'log_format': 'default', 'static_parser': 'True', 'introspect': 'True', 'warn_error_options': 'WarnErrorOptions(include=[], exclude=[])', 'target_path': 'None', 'invocation_command': 'dbt run --profiles-dir . --select stock.* --full-refresh', 'send_anonymous_usage_stats': 'False'}
[0m17:11:12.294595 [info ] [MainThread]: Registered adapter: snowflake=1.7.5
[0m17:11:12.338581 [debug] [MainThread]: checksum: 54188551c516f4dd1c42b8d9c289f2bf49f18ae42632e2ba36a64ad29fd60da4, vars: {}, profile: , target: , version: 1.7.7
[0m17:11:12.410197 [debug] [MainThread]: Failed to load parsed file from disk at /Users/linlin/git/dbt-demo/target/partial_parse.msgpack: Field "metrics" of type MutableMapping[str, Metric] in Manifest has invalid value {'metric.datapai.unique_customer_count': {'name': 'unique_customer_count', 'resource_type': 'metric', 'package_name': 'datapai', 'path': 'full-jaffle-shop/metrics.yml', 'original_file_path': 'models/full-jaffle-shop/metrics.yml', 'unique_id': 'metric.datapai.unique_customer_count', 'fqn': ['datapai', 'full-jaffle-shop', 'unique_customer_count'], 'description': 'Total number of customers', 'label': 'Unique customer count', 'calculation_method': 'count_distinct', 'expression': 'customer_id', 'filters': [], 'time_grains': ['day', 'week', 'month', 'quarter', 'year'], 'dimensions': [], 'timestamp': 'created', 'window': None, 'model': "ref('customers')", 'model_unique_id': None, 'meta': {}, 'tags': [], 'config': {'enabled': True, 'group': None}, 'unrendered_config': {}, 'sources': [], 'depends_on': {'macros': [], 'nodes': ['model.datapai.customers']}, 'refs': [{'name': 'customers', 'package': None, 'version': None}], 'metrics': [], 'created_at': 1720749448.5151913, 'group': None}, 'metric.datapai.completed_order_count': {'name': 'completed_order_count', 'resource_type': 'metric', 'package_name': 'datapai', 'path': 'full-jaffle-shop/metrics.yml', 'original_file_path': 'models/full-jaffle-shop/metrics.yml', 'unique_id': 'metric.datapai.completed_order_count', 'fqn': ['datapai', 'full-jaffle-shop', 'completed_order_count'], 'description': 'Total number of completed orders', 'label': 'Completed order count', 'calculation_method': 'count_distinct', 'expression': 'order_id', 'filters': [{'field': 'is_completed', 'operator': '=', 'value': 'true'}], 'time_grains': ['day', 'week', 'month', 'quarter', 'year'], 'dimensions': [], 'timestamp': 'order_date', 'window': None, 'model': "ref('orders')", 'model_unique_id': None, 'meta': {}, 'tags': [], 'config': {'enabled': True, 'group': None}, 'unrendered_config': {}, 'sources': [], 'depends_on': {'macros': [], 'nodes': ['model.datapai.orders']}, 'refs': [{'name': 'orders', 'package': None, 'version': None}], 'metrics': [], 'created_at': 1720749448.5240507, 'group': None}, 'metric.datapai.dbt_expression': {'name': 'dbt_expression', 'resource_type': 'metric', 'package_name': 'datapai', 'path': 'full-jaffle-shop/metrics.yml', 'original_file_path': 'models/full-jaffle-shop/metrics.yml', 'unique_id': 'metric.datapai.dbt_expression', 'fqn': ['datapai', 'full-jaffle-shop', 'dbt_expression'], 'description': 'derived metric in v1.2 ( deprecated )', 'label': 'dbt_expression', 'calculation_method': 'derived', 'expression': 'unique_customer_count / unique_customer_count', 'filters': [], 'time_grains': ['day', 'week', 'month', 'quarter', 'year'], 'dimensions': [], 'timestamp': 'created', 'window': None, 'model': None, 'model_unique_id': None, 'meta': {}, 'tags': [], 'config': {'enabled': True, 'group': None}, 'unrendered_config': {}, 'sources': [], 'depends_on': {'macros': [], 'nodes': ['metric.datapai.unique_customer_count', 'metric.datapai.unique_customer_count']}, 'refs': [], 'metrics': [['unique_customer_count'], ['unique_customer_count']], 'created_at': 1720749448.5301936, 'group': None}, 'metric.datapai.dbt_derived': {'name': 'dbt_derived', 'resource_type': 'metric', 'package_name': 'datapai', 'path': 'full-jaffle-shop/metrics.yml', 'original_file_path': 'models/full-jaffle-shop/metrics.yml', 'unique_id': 'metric.datapai.dbt_derived', 'fqn': ['datapai', 'full-jaffle-shop', 'dbt_derived'], 'description': '', 'label': 'dbt_derived', 'calculation_method': 'derived', 'expression': 'unique_customer_count / unique_customer_count', 'filters': [], 'time_grains': ['day', 'week', 'month', 'quarter', 'year'], 'dimensions': [], 'timestamp': 'created', 'window': None, 'model': None, 'model_unique_id': None, 'meta': {}, 'tags': [], 'config': {'enabled': True, 'group': None}, 'unrendered_config': {}, 'sources': [], 'depends_on': {'macros': [], 'nodes': ['metric.datapai.unique_customer_count', 'metric.datapai.unique_customer_count']}, 'refs': [], 'metrics': [['unique_customer_count'], ['unique_customer_count']], 'created_at': 1720749448.5368838, 'group': None}}
[0m17:11:15.751520 [error] [MainThread]: Encountered an error:
Compilation Error
  dbt found two schema.yml entries for the same resource named stg_invoice. Resources and their associated columns may only be described a single time. To fix this, remove the resource entry for stg_invoice in one of these files:
   - models/chinook/staging/_stg_invoice.yml
  models/chinook/ai_governance.yml
[0m17:11:15.753509 [debug] [MainThread]: Flushing usage events


============================== 17:11:34.628442 | b1e827f3-2d08-42eb-8ec1-a9ab40865913 ==============================
[0m17:11:34.628442 [info ] [MainThread]: Running with dbt=1.7.7
[0m17:11:34.632206 [debug] [MainThread]: running dbt with arguments {'printer_width': '80', 'indirect_selection': 'eager', 'write_json': 'True', 'log_cache_events': 'False', 'partial_parse': 'True', 'cache_selected_only': 'False', 'profiles_dir': '.', 'fail_fast': 'False', 'warn_error': 'None', 'log_path': '/Users/linlin/git/dbt-demo/logs', 'version_check': 'True', 'debug': 'False', 'use_colors': 'True', 'use_experimental_parser': 'False', 'no_print': 'None', 'quiet': 'False', 'log_format': 'default', 'static_parser': 'True', 'invocation_command': 'dbt run --profiles-dir . --select stock.* --full-refresh', 'warn_error_options': 'WarnErrorOptions(include=[], exclude=[])', 'target_path': 'None', 'introspect': 'True', 'send_anonymous_usage_stats': 'False'}
[0m17:11:35.088845 [info ] [MainThread]: Registered adapter: snowflake=1.7.5
[0m17:11:35.130583 [debug] [MainThread]: checksum: 54188551c516f4dd1c42b8d9c289f2bf49f18ae42632e2ba36a64ad29fd60da4, vars: {}, profile: , target: , version: 1.7.7
[0m17:11:35.204049 [debug] [MainThread]: Failed to load parsed file from disk at /Users/linlin/git/dbt-demo/target/partial_parse.msgpack: Field "metrics" of type MutableMapping[str, Metric] in Manifest has invalid value {'metric.datapai.unique_customer_count': {'name': 'unique_customer_count', 'resource_type': 'metric', 'package_name': 'datapai', 'path': 'full-jaffle-shop/metrics.yml', 'original_file_path': 'models/full-jaffle-shop/metrics.yml', 'unique_id': 'metric.datapai.unique_customer_count', 'fqn': ['datapai', 'full-jaffle-shop', 'unique_customer_count'], 'description': 'Total number of customers', 'label': 'Unique customer count', 'calculation_method': 'count_distinct', 'expression': 'customer_id', 'filters': [], 'time_grains': ['day', 'week', 'month', 'quarter', 'year'], 'dimensions': [], 'timestamp': 'created', 'window': None, 'model': "ref('customers')", 'model_unique_id': None, 'meta': {}, 'tags': [], 'config': {'enabled': True, 'group': None}, 'unrendered_config': {}, 'sources': [], 'depends_on': {'macros': [], 'nodes': ['model.datapai.customers']}, 'refs': [{'name': 'customers', 'package': None, 'version': None}], 'metrics': [], 'created_at': 1720749448.5151913, 'group': None}, 'metric.datapai.completed_order_count': {'name': 'completed_order_count', 'resource_type': 'metric', 'package_name': 'datapai', 'path': 'full-jaffle-shop/metrics.yml', 'original_file_path': 'models/full-jaffle-shop/metrics.yml', 'unique_id': 'metric.datapai.completed_order_count', 'fqn': ['datapai', 'full-jaffle-shop', 'completed_order_count'], 'description': 'Total number of completed orders', 'label': 'Completed order count', 'calculation_method': 'count_distinct', 'expression': 'order_id', 'filters': [{'field': 'is_completed', 'operator': '=', 'value': 'true'}], 'time_grains': ['day', 'week', 'month', 'quarter', 'year'], 'dimensions': [], 'timestamp': 'order_date', 'window': None, 'model': "ref('orders')", 'model_unique_id': None, 'meta': {}, 'tags': [], 'config': {'enabled': True, 'group': None}, 'unrendered_config': {}, 'sources': [], 'depends_on': {'macros': [], 'nodes': ['model.datapai.orders']}, 'refs': [{'name': 'orders', 'package': None, 'version': None}], 'metrics': [], 'created_at': 1720749448.5240507, 'group': None}, 'metric.datapai.dbt_expression': {'name': 'dbt_expression', 'resource_type': 'metric', 'package_name': 'datapai', 'path': 'full-jaffle-shop/metrics.yml', 'original_file_path': 'models/full-jaffle-shop/metrics.yml', 'unique_id': 'metric.datapai.dbt_expression', 'fqn': ['datapai', 'full-jaffle-shop', 'dbt_expression'], 'description': 'derived metric in v1.2 ( deprecated )', 'label': 'dbt_expression', 'calculation_method': 'derived', 'expression': 'unique_customer_count / unique_customer_count', 'filters': [], 'time_grains': ['day', 'week', 'month', 'quarter', 'year'], 'dimensions': [], 'timestamp': 'created', 'window': None, 'model': None, 'model_unique_id': None, 'meta': {}, 'tags': [], 'config': {'enabled': True, 'group': None}, 'unrendered_config': {}, 'sources': [], 'depends_on': {'macros': [], 'nodes': ['metric.datapai.unique_customer_count', 'metric.datapai.unique_customer_count']}, 'refs': [], 'metrics': [['unique_customer_count'], ['unique_customer_count']], 'created_at': 1720749448.5301936, 'group': None}, 'metric.datapai.dbt_derived': {'name': 'dbt_derived', 'resource_type': 'metric', 'package_name': 'datapai', 'path': 'full-jaffle-shop/metrics.yml', 'original_file_path': 'models/full-jaffle-shop/metrics.yml', 'unique_id': 'metric.datapai.dbt_derived', 'fqn': ['datapai', 'full-jaffle-shop', 'dbt_derived'], 'description': '', 'label': 'dbt_derived', 'calculation_method': 'derived', 'expression': 'unique_customer_count / unique_customer_count', 'filters': [], 'time_grains': ['day', 'week', 'month', 'quarter', 'year'], 'dimensions': [], 'timestamp': 'created', 'window': None, 'model': None, 'model_unique_id': None, 'meta': {}, 'tags': [], 'config': {'enabled': True, 'group': None}, 'unrendered_config': {}, 'sources': [], 'depends_on': {'macros': [], 'nodes': ['metric.datapai.unique_customer_count', 'metric.datapai.unique_customer_count']}, 'refs': [], 'metrics': [['unique_customer_count'], ['unique_customer_count']], 'created_at': 1720749448.5368838, 'group': None}}
[0m17:11:38.828177 [warn ] [MainThread]: [[33mWARNING[0m]: Configuration paths exist in your dbt_project.yml file which do not apply to any resources.
There are 9 unused configuration paths:
- models.obt
- models.ai_mart
- models.stock
- models.intermediate
- models.staging
- models.reporting
- seeds.marketing
- seeds.ai_mart
- seeds.finance
[0m17:11:38.879414 [info ] [MainThread]: Found 68 models, 1 analysis, 21 seeds, 2 operations, 165 tests, 19 sources, 11 exposures, 0 metrics, 1383 macros, 0 groups, 0 semantic models
[0m17:11:38.882362 [info ] [MainThread]: 
[0m17:11:38.882889 [debug] [MainThread]: Acquiring new snowflake connection 'master'
[0m17:11:38.883833 [debug] [ThreadPool]: Acquiring new snowflake connection 'list_DATAPAI'
[0m17:11:38.893803 [debug] [ThreadPool]: Using snowflake connection "list_DATAPAI"
[0m17:11:38.894166 [debug] [ThreadPool]: On list_DATAPAI: /* {"app": "dbt", "dbt_version": "1.7.7", "profile_name": "datapai_snowflake", "target_name": "dev", "connection_name": "list_DATAPAI"} */
show terse schemas in database DATAPAI
    limit 10000
[0m17:11:38.894431 [debug] [ThreadPool]: Opening a new connection, currently in state init
[0m17:11:39.546547 [debug] [ThreadPool]: SQL status: SUCCESS 6 in 1.0 seconds
[0m17:11:39.548653 [debug] [ThreadPool]: On list_DATAPAI: Close
[0m17:11:39.632034 [debug] [ThreadPool]: Re-using an available connection from the pool (formerly list_DATAPAI, now list_DATAPAI_DATAPAI_ai_mart)
[0m17:11:39.633627 [debug] [ThreadPool]: Acquiring new snowflake connection 'list_DATAPAI_DATAPAI_test_audit'
[0m17:11:39.639834 [debug] [ThreadPool]: Acquiring new snowflake connection 'list_DATAPAI_DATAPAI_audit'
[0m17:11:39.642275 [debug] [ThreadPool]: Using snowflake connection "list_DATAPAI_DATAPAI_ai_mart"
[0m17:11:39.645700 [debug] [ThreadPool]: Using snowflake connection "list_DATAPAI_DATAPAI_test_audit"
[0m17:11:39.649226 [debug] [ThreadPool]: Using snowflake connection "list_DATAPAI_DATAPAI_audit"
[0m17:11:39.649601 [debug] [ThreadPool]: On list_DATAPAI_DATAPAI_ai_mart: /* {"app": "dbt", "dbt_version": "1.7.7", "profile_name": "datapai_snowflake", "target_name": "dev", "connection_name": "list_DATAPAI_DATAPAI_ai_mart"} */
show objects in DATAPAI.DATAPAI_ai_mart limit 10000
[0m17:11:39.649912 [debug] [ThreadPool]: On list_DATAPAI_DATAPAI_test_audit: /* {"app": "dbt", "dbt_version": "1.7.7", "profile_name": "datapai_snowflake", "target_name": "dev", "connection_name": "list_DATAPAI_DATAPAI_test_audit"} */
show objects in DATAPAI.DATAPAI_test_audit limit 10000
[0m17:11:39.650194 [debug] [ThreadPool]: On list_DATAPAI_DATAPAI_audit: /* {"app": "dbt", "dbt_version": "1.7.7", "profile_name": "datapai_snowflake", "target_name": "dev", "connection_name": "list_DATAPAI_DATAPAI_audit"} */
show objects in DATAPAI.DATAPAI_audit limit 10000
[0m17:11:39.650468 [debug] [ThreadPool]: Opening a new connection, currently in state closed
[0m17:11:39.650722 [debug] [ThreadPool]: Opening a new connection, currently in state init
[0m17:11:39.650984 [debug] [ThreadPool]: Opening a new connection, currently in state init
[0m17:11:39.913114 [debug] [ThreadPool]: Snowflake adapter: Snowflake query id: 01c30433-3205-7ec3-0001-c41600b87396
[0m17:11:39.913626 [debug] [ThreadPool]: Snowflake adapter: Snowflake error: 002043 (02000): SQL compilation error:
Object does not exist, or operation cannot be performed.
[0m17:11:39.914116 [debug] [ThreadPool]: Snowflake adapter: Error running SQL: macro list_relations_without_caching
[0m17:11:39.914416 [debug] [ThreadPool]: Snowflake adapter: Rolling back transaction.
[0m17:11:39.914778 [debug] [ThreadPool]: On list_DATAPAI_DATAPAI_ai_mart: Close
[0m17:11:40.007165 [debug] [ThreadPool]: SQL status: SUCCESS 29 in 0.0 seconds
[0m17:11:40.009946 [debug] [ThreadPool]: On list_DATAPAI_DATAPAI_audit: Close
[0m17:11:40.010928 [debug] [ThreadPool]: Re-using an available connection from the pool (formerly list_DATAPAI_DATAPAI_ai_mart, now list_DATAPAI_DATAPAI)
[0m17:11:40.016053 [debug] [ThreadPool]: Using snowflake connection "list_DATAPAI_DATAPAI"
[0m17:11:40.016818 [debug] [ThreadPool]: On list_DATAPAI_DATAPAI: /* {"app": "dbt", "dbt_version": "1.7.7", "profile_name": "datapai_snowflake", "target_name": "dev", "connection_name": "list_DATAPAI_DATAPAI"} */
show objects in DATAPAI.DATAPAI limit 10000
[0m17:11:40.017203 [debug] [ThreadPool]: Opening a new connection, currently in state closed
[0m17:11:40.026745 [debug] [ThreadPool]: SQL status: SUCCESS 83 in 0.0 seconds
[0m17:11:40.031008 [debug] [ThreadPool]: On list_DATAPAI_DATAPAI_test_audit: Close
[0m17:11:40.393898 [debug] [ThreadPool]: SQL status: SUCCESS 59 in 0.0 seconds
[0m17:11:40.398546 [debug] [ThreadPool]: On list_DATAPAI_DATAPAI: Close
[0m17:11:40.487481 [info ] [MainThread]: 
[0m17:11:40.487943 [info ] [MainThread]: Running 1 on-run-start hook
[0m17:11:40.499285 [debug] [MainThread]: Writing injected SQL for node "operation.elementary.elementary-on-run-start-0"
[0m17:11:40.502832 [info ] [MainThread]: 1 of 1 START hook: elementary.on-run-start.0 ................................... [RUN]
[0m17:11:40.503338 [info ] [MainThread]: 1 of 1 OK hook: elementary.on-run-start.0 ...................................... [[32mOK[0m in 0.00s]
[0m17:11:40.503669 [info ] [MainThread]: 
[0m17:11:40.504257 [info ] [MainThread]: Concurrency: 3 threads (target='dev')
[0m17:11:40.504575 [info ] [MainThread]: 
[0m17:11:40.510781 [debug] [Thread-1  ]: Began running node model.datapai.ohlcv_intraday
[0m17:11:40.511199 [debug] [Thread-2  ]: Began running node model.datapai.prices
[0m17:11:40.511650 [info ] [Thread-1  ]: 1 of 2 START sql incremental model DATAPAI.ohlcv_intraday ...................... [RUN]
[0m17:11:40.512108 [info ] [Thread-2  ]: 2 of 2 START sql incremental model DATAPAI.prices .............................. [RUN]
[0m17:11:40.512696 [debug] [Thread-1  ]: Re-using an available connection from the pool (formerly list_DATAPAI_DATAPAI, now model.datapai.ohlcv_intraday)
[0m17:11:40.513198 [debug] [Thread-2  ]: Re-using an available connection from the pool (formerly list_DATAPAI_DATAPAI_test_audit, now model.datapai.prices)
[0m17:11:40.513539 [debug] [Thread-1  ]: Began compiling node model.datapai.ohlcv_intraday
[0m17:11:40.513861 [debug] [Thread-2  ]: Began compiling node model.datapai.prices
[0m17:11:40.519531 [debug] [Thread-1  ]: Writing injected SQL for node "model.datapai.ohlcv_intraday"
[0m17:11:40.525557 [debug] [Thread-2  ]: Writing injected SQL for node "model.datapai.prices"
[0m17:11:40.526351 [debug] [Thread-1  ]: Timing info for model.datapai.ohlcv_intraday (compile): 17:11:40.514072 => 17:11:40.526154
[0m17:11:40.526658 [debug] [Thread-1  ]: Began executing node model.datapai.ohlcv_intraday
[0m17:11:40.532097 [debug] [Thread-2  ]: Timing info for model.datapai.prices (compile): 17:11:40.519735 => 17:11:40.531919
[0m17:11:40.538300 [debug] [Thread-2  ]: Began executing node model.datapai.prices
[0m17:11:40.580626 [debug] [Thread-1  ]: Writing runtime sql for node "model.datapai.ohlcv_intraday"
[0m17:11:40.581837 [debug] [Thread-2  ]: Writing runtime sql for node "model.datapai.prices"
[0m17:11:40.583149 [debug] [Thread-1  ]: Using snowflake connection "model.datapai.ohlcv_intraday"
[0m17:11:40.584042 [debug] [Thread-2  ]: Using snowflake connection "model.datapai.prices"
[0m17:11:40.584363 [debug] [Thread-1  ]: On model.datapai.ohlcv_intraday: /* {"app": "dbt", "dbt_version": "1.7.7", "profile_name": "datapai_snowflake", "target_name": "dev", "node_id": "model.datapai.ohlcv_intraday"} */
create or replace transient table DATAPAI.DATAPAI.ohlcv_intraday
         as
        (select * from (
              

/*
  30-minute OHLCV intraday bars — Snowflake Managed Iceberg table.

  Source:       S3 raw Parquet at s3://$S3_BUCKET_STOCK/stock/raw/ohlcv_intraday/
  Stage:        DATAPAI.STOCK.S3_RAW_STAGE (DATAPAI_S3_INTEGRATION)
  Bronze path:  s3://$S3_BUCKET_STOCK/stock/bronze/ohlcv_intraday/  (written by Snowflake)
  Data loader:  scripts/sync_snowflake_iceberg.py  ← partition-level DELETE+INSERT
  Full rebuild: dbt run --full-refresh --select ohlcv_intraday
*/




SELECT
    $1:ticker::VARCHAR(20)    AS ticker,
    $1:ts::TIMESTAMP_TZ       AS ts,
    $1:open::DOUBLE           AS open,
    $1:high::DOUBLE           AS high,
    $1:low::DOUBLE            AS low,
    $1:close::DOUBLE          AS close,
    $1:volume::BIGINT         AS volume,
    $1:exchange::VARCHAR(10)  AS exchange,
    $1:source::VARCHAR(20)    AS source
FROM @DATAPAI.STOCK.S3_RAW_STAGE/ohlcv_intraday/


              ) order by (exchange, ts::DATE)
        );
[0m17:11:40.584719 [debug] [Thread-2  ]: On model.datapai.prices: /* {"app": "dbt", "dbt_version": "1.7.7", "profile_name": "datapai_snowflake", "target_name": "dev", "node_id": "model.datapai.prices"} */
create or replace transient table DATAPAI.DATAPAI.prices
         as
        (select * from (
              

/*
  Daily OHLCV prices — Snowflake Managed Iceberg table.

  Source:       S3 raw Parquet at s3://$S3_BUCKET_STOCK/stock/raw/prices/
  Stage:        DATAPAI.STOCK.S3_RAW_STAGE (DATAPAI_S3_INTEGRATION)
  Bronze path:  s3://$S3_BUCKET_STOCK/stock/bronze/prices/  (written by Snowflake)
  Data loader:  scripts/sync_snowflake_iceberg.py  ← partition-level DELETE+INSERT
  Full rebuild: dbt run --full-refresh --select prices

  Schema managed by dbt.  Data loaded by sync_snowflake_iceberg.py.
*/




SELECT
    $1:ticker::VARCHAR(20)    AS ticker,
    $1:trade_date::DATE       AS trade_date,
    $1:open::DOUBLE           AS open,
    $1:high::DOUBLE           AS high,
    $1:low::DOUBLE            AS low,
    $1:close::DOUBLE          AS close,
    $1:adj_close::DOUBLE      AS adj_close,
    $1:volume::BIGINT         AS volume,
    $1:exchange::VARCHAR(10)  AS exchange,
    $1:source::VARCHAR(20)    AS source
FROM @DATAPAI.STOCK.S3_RAW_STAGE/prices/


              ) order by (exchange, trade_date)
        );
[0m17:11:40.585026 [debug] [Thread-1  ]: Opening a new connection, currently in state closed
[0m17:11:40.585278 [debug] [Thread-2  ]: Opening a new connection, currently in state closed
[0m17:11:41.644707 [debug] [Thread-1  ]: SQL status: SUCCESS 1 in 1.0 seconds
[0m17:11:41.645410 [debug] [Thread-1  ]: Using snowflake connection "model.datapai.ohlcv_intraday"
[0m17:11:41.645876 [debug] [Thread-1  ]: On model.datapai.ohlcv_intraday: /* {"app": "dbt", "dbt_version": "1.7.7", "profile_name": "datapai_snowflake", "target_name": "dev", "node_id": "model.datapai.ohlcv_intraday"} */
alter table DATAPAI.DATAPAI.ohlcv_intraday cluster by (exchange, ts::DATE);
[0m17:11:41.757350 [debug] [Thread-1  ]: SQL status: SUCCESS 1 in 0.0 seconds
[0m17:11:41.768393 [debug] [Thread-1  ]: Applying DROP to: DATAPAI.DATAPAI.ohlcv_intraday__dbt_tmp
[0m17:11:41.774466 [debug] [Thread-1  ]: Using snowflake connection "model.datapai.ohlcv_intraday"
[0m17:11:41.774973 [debug] [Thread-1  ]: On model.datapai.ohlcv_intraday: /* {"app": "dbt", "dbt_version": "1.7.7", "profile_name": "datapai_snowflake", "target_name": "dev", "node_id": "model.datapai.ohlcv_intraday"} */
drop view if exists DATAPAI.DATAPAI.ohlcv_intraday__dbt_tmp cascade
[0m17:11:41.830794 [debug] [Thread-1  ]: SQL status: SUCCESS 1 in 0.0 seconds
[0m17:11:41.848194 [debug] [Thread-1  ]: Timing info for model.datapai.ohlcv_intraday (execute): 17:11:40.526852 => 17:11:41.847977
[0m17:11:41.848626 [debug] [Thread-1  ]: On model.datapai.ohlcv_intraday: Close
[0m17:11:41.920427 [info ] [Thread-1  ]: 1 of 2 OK created sql incremental model DATAPAI.ohlcv_intraday ................. [[32mSUCCESS 1[0m in 1.41s]
[0m17:11:41.921215 [debug] [Thread-1  ]: Finished running node model.datapai.ohlcv_intraday
[0m17:11:52.482838 [debug] [Thread-2  ]: SQL status: SUCCESS 1 in 12.0 seconds
[0m17:11:52.483513 [debug] [Thread-2  ]: Using snowflake connection "model.datapai.prices"
[0m17:11:52.483978 [debug] [Thread-2  ]: On model.datapai.prices: /* {"app": "dbt", "dbt_version": "1.7.7", "profile_name": "datapai_snowflake", "target_name": "dev", "node_id": "model.datapai.prices"} */
alter table DATAPAI.DATAPAI.prices cluster by (exchange, trade_date);
[0m17:11:52.684034 [debug] [Thread-2  ]: SQL status: SUCCESS 1 in 0.0 seconds
[0m17:11:52.690608 [debug] [Thread-2  ]: Applying DROP to: DATAPAI.DATAPAI.prices__dbt_tmp
[0m17:11:52.691753 [debug] [Thread-2  ]: Using snowflake connection "model.datapai.prices"
[0m17:11:52.692203 [debug] [Thread-2  ]: On model.datapai.prices: /* {"app": "dbt", "dbt_version": "1.7.7", "profile_name": "datapai_snowflake", "target_name": "dev", "node_id": "model.datapai.prices"} */
drop view if exists DATAPAI.DATAPAI.prices__dbt_tmp cascade
[0m17:11:52.741047 [debug] [Thread-2  ]: SQL status: SUCCESS 1 in 0.0 seconds
[0m17:11:52.743611 [debug] [Thread-2  ]: Timing info for model.datapai.prices (execute): 17:11:40.544769 => 17:11:52.743362
[0m17:11:52.744099 [debug] [Thread-2  ]: On model.datapai.prices: Close
[0m17:11:52.808842 [info ] [Thread-2  ]: 2 of 2 OK created sql incremental model DATAPAI.prices ......................... [[32mSUCCESS 1[0m in 12.30s]
[0m17:11:52.809955 [debug] [Thread-2  ]: Finished running node model.datapai.prices
[0m17:11:52.811887 [info ] [MainThread]: 
[0m17:11:52.812373 [info ] [MainThread]: Running 1 on-run-end hook
[0m17:11:52.832665 [debug] [MainThread]: Using snowflake connection "master"
[0m17:11:52.833153 [debug] [MainThread]: On master: /* {"app": "dbt", "dbt_version": "1.7.7", "profile_name": "datapai_snowflake", "target_name": "dev", "connection_name": "master"} */
select artifacts_model, metadata_hash from "DATAPAI"."DATAPAI_AUDIT"."DBT_ARTIFACTS_HASHES"
    order by metadata_hash
[0m17:11:52.833501 [debug] [MainThread]: Opening a new connection, currently in state init
[0m17:11:54.013895 [debug] [MainThread]: SQL status: SUCCESS 288 in 1.0 seconds
[0m17:11:54.022864 [debug] [MainThread]: Elementary: Uploading dbt artifacts.
[0m17:11:54.041360 [debug] [MainThread]: Elementary: [DBT_MODELS] Flattening the artifacts.
[0m17:11:54.141653 [debug] [MainThread]: Elementary: [DBT_MODELS] Flattened 68 artifacts.
[0m17:11:54.142852 [debug] [MainThread]: Elementary: [DBT_MODELS] Comparing the artifacts state.
[0m17:11:54.144006 [debug] [MainThread]: Elementary: [DBT_MODELS] Artifacts changed.
[0m17:11:54.150366 [debug] [MainThread]: Elementary: Deleting from and inserting to: "DATAPAI"."DATAPAI_AUDIT"."DBT_MODELS"
[0m17:11:54.157742 [debug] [MainThread]: Using snowflake connection "master"
[0m17:11:54.158103 [debug] [MainThread]: On master: /* {"app": "dbt", "dbt_version": "1.7.7", "profile_name": "datapai_snowflake", "target_name": "dev", "connection_name": "master"} */
create or replace temporary table "DATAPAI"."DATAPAI_AUDIT"."DBT_MODELS__tmp_20260314061154153690"
         as
        (
        SELECT
        
            
                metadata_hash
            
        
        FROM "DATAPAI"."DATAPAI_AUDIT"."DBT_MODELS"
        WHERE 1 = 0
    
        );
[0m17:11:54.454263 [debug] [MainThread]: SQL status: SUCCESS 1 in 0.0 seconds
[0m17:11:54.475274 [debug] [MainThread]: Using snowflake connection "master"
[0m17:11:54.475743 [debug] [MainThread]: On master: /* {"app": "dbt", "dbt_version": "1.7.7", "profile_name": "datapai_snowflake", "target_name": "dev", "connection_name": "master"} */
describe table "DATAPAI"."DATAPAI_AUDIT"."DBT_MODELS__tmp_20260314061154153690"
[0m17:11:54.543939 [debug] [MainThread]: SQL status: SUCCESS 1 in 0.0 seconds
[0m17:11:54.545911 [debug] [MainThread]: Elementary: Inserting 2 rows to table "DATAPAI"."DATAPAI_AUDIT"."DBT_MODELS__tmp_20260314061154153690"
[0m17:11:54.566390 [debug] [MainThread]: Elementary: [1/1] Running insert query.
[0m17:11:54.567890 [debug] [MainThread]: Using snowflake connection "master"
[0m17:11:54.568255 [debug] [MainThread]: On master: /* {"app": "dbt", "dbt_version": "1.7.7", "profile_name": "datapai_snowflake", "target_name": "dev", "connection_name": "master"} */
insert into "DATAPAI"."DATAPAI_AUDIT"."DBT_MODELS__tmp_20260314061154153690"
         (METADATA_HASH) values
    ('2ce5b0673133fd576a41f2fa91a78435'),('c7fa1c0ec07dff40ef0607e2e5b94237')
[0m17:11:54.831995 [debug] [MainThread]: SQL status: SUCCESS 2 in 0.0 seconds
[0m17:11:54.835876 [debug] [MainThread]: Using snowflake connection "master"
[0m17:11:54.836464 [debug] [MainThread]: On master: /* {"app": "dbt", "dbt_version": "1.7.7", "profile_name": "datapai_snowflake", "target_name": "dev", "connection_name": "master"} */
create or replace temporary table "DATAPAI"."DATAPAI_AUDIT"."DBT_MODELS__tmp_20260314061154834031"
         as
        (
        SELECT
        
            *
        
        FROM "DATAPAI"."DATAPAI_AUDIT"."DBT_MODELS"
        WHERE 1 = 0
    
        );
[0m17:11:55.132474 [debug] [MainThread]: SQL status: SUCCESS 1 in 0.0 seconds
[0m17:11:55.139630 [debug] [MainThread]: Using snowflake connection "master"
[0m17:11:55.140099 [debug] [MainThread]: On master: /* {"app": "dbt", "dbt_version": "1.7.7", "profile_name": "datapai_snowflake", "target_name": "dev", "connection_name": "master"} */
describe table "DATAPAI"."DATAPAI_AUDIT"."DBT_MODELS__tmp_20260314061154834031"
[0m17:11:55.196714 [debug] [MainThread]: SQL status: SUCCESS 18 in 0.0 seconds
[0m17:11:55.199607 [debug] [MainThread]: Elementary: Inserting 2 rows to table "DATAPAI"."DATAPAI_AUDIT"."DBT_MODELS__tmp_20260314061154834031"
[0m17:11:55.221509 [debug] [MainThread]: Elementary: [1/1] Running insert query.
[0m17:11:55.223274 [debug] [MainThread]: Using snowflake connection "master"
[0m17:11:55.223715 [debug] [MainThread]: On master: /* {"app": "dbt", "dbt_version": "1.7.7", "profile_name": "datapai_snowflake", "target_name": "dev", "connection_name": "master"} */
insert into "DATAPAI"."DATAPAI_AUDIT"."DBT_MODELS__tmp_20260314061154834031"
         (UNIQUE_ID,ALIAS,CHECKSUM,MATERIALIZATION,TAGS,META,OWNER,DATABASE_NAME,SCHEMA_NAME,DEPENDS_ON_MACROS,DEPENDS_ON_NODES,DESCRIPTION,NAME,PACKAGE_NAME,ORIGINAL_PATH,PATH,GENERATED_AT,METADATA_HASH) values
    ('model.datapai.prices','prices','a1076ce947f2cea2ccb2652cf8a2c4a4e8ad3591a61910b64ec0b165c3e288d1','incremental','["daily", "iceberg", "ohlcv", "stock"]','{}','[]','DATAPAI','DATAPAI','["macro.dbt.is_incremental"]','[]','Daily OHLCV prices for US and ASX stocks. Snowflake Managed Iceberg table — Snowflake writes Iceberg format to s3://${S3_BUCKET_STOCK}/stock/bronze/prices/. Data loaded by scripts/sync_snowflake_iceberg.py via S3 raw stage.\n','prices','datapai','models/stock/prices.sql','stock/prices.sql','2026-03-14 06:11:54','5342bb9974db7f5115060adb9b8ff425'),('model.elementary.test_result_rows','test_result_rows','87791b8556fe93f1b6be7537eddcd1570b720121fd4f53421c740d93387cd96e','incremental','[]','{"timestamp_column": "detected_at"}','[]','DATAPAI','DATAPAI_audit','["macro.elementary.backfill_result_rows", "macro.elementary.empty_table", "macro.elementary.get_config_var"]','["model.elementary.elementary_test_results"]','','test_result_rows','elementary','models/edr/run_results/test_result_rows.sql','edr/run_results/test_result_rows.sql','2026-03-14 06:11:54','f13291b2a26935dc6482bc69bbe31267')
[0m17:11:55.464303 [debug] [MainThread]: SQL status: SUCCESS 2 in 0.0 seconds
[0m17:11:55.471060 [debug] [MainThread]: Using snowflake connection "master"
[0m17:11:55.471618 [debug] [MainThread]: On master: /* {"app": "dbt", "dbt_version": "1.7.7", "profile_name": "datapai_snowflake", "target_name": "dev", "connection_name": "master"} */
begin transaction;
[0m17:11:55.547510 [debug] [MainThread]: SQL status: SUCCESS 1 in 0.0 seconds
[0m17:11:55.548161 [debug] [MainThread]: Using snowflake connection "master"
[0m17:11:55.548647 [debug] [MainThread]: On master: /* {"app": "dbt", "dbt_version": "1.7.7", "profile_name": "datapai_snowflake", "target_name": "dev", "connection_name": "master"} */
delete from "DATAPAI"."DATAPAI_AUDIT"."DBT_MODELS" where metadata_hash in (select metadata_hash from "DATAPAI"."DATAPAI_AUDIT"."DBT_MODELS__tmp_20260314061154153690");
[0m17:11:55.958648 [debug] [MainThread]: SQL status: SUCCESS 2 in 0.0 seconds
[0m17:11:55.959490 [debug] [MainThread]: Using snowflake connection "master"
[0m17:11:55.960045 [debug] [MainThread]: On master: /* {"app": "dbt", "dbt_version": "1.7.7", "profile_name": "datapai_snowflake", "target_name": "dev", "connection_name": "master"} */
insert into "DATAPAI"."DATAPAI_AUDIT"."DBT_MODELS" select * from "DATAPAI"."DATAPAI_AUDIT"."DBT_MODELS__tmp_20260314061154834031";
[0m17:11:56.366889 [debug] [MainThread]: SQL status: SUCCESS 2 in 0.0 seconds
[0m17:11:56.367532 [debug] [MainThread]: Using snowflake connection "master"
[0m17:11:56.367977 [debug] [MainThread]: On master: /* {"app": "dbt", "dbt_version": "1.7.7", "profile_name": "datapai_snowflake", "target_name": "dev", "connection_name": "master"} */
COMMIT
[0m17:11:56.598765 [debug] [MainThread]: SQL status: SUCCESS 1 in 0.0 seconds
[0m17:11:56.601014 [debug] [MainThread]: Elementary: Finished deleting from and inserting to: "DATAPAI"."DATAPAI_AUDIT"."DBT_MODELS"
[0m17:11:56.604712 [debug] [MainThread]: Elementary: [DBT_TESTS] Flattening the artifacts.
[0m17:11:57.152426 [debug] [MainThread]: Elementary: [DBT_TESTS] Flattened 165 artifacts.
[0m17:11:57.153860 [debug] [MainThread]: Elementary: [DBT_TESTS] Comparing the artifacts state.
[0m17:11:57.154770 [debug] [MainThread]: Elementary: [DBT_TESTS] Artifacts changed.
[0m17:11:57.163403 [debug] [MainThread]: Elementary: Deleting from and inserting to: "DATAPAI"."DATAPAI_AUDIT"."DBT_TESTS"
[0m17:11:57.165371 [debug] [MainThread]: Using snowflake connection "master"
[0m17:11:57.165652 [debug] [MainThread]: On master: /* {"app": "dbt", "dbt_version": "1.7.7", "profile_name": "datapai_snowflake", "target_name": "dev", "connection_name": "master"} */
create or replace temporary table "DATAPAI"."DATAPAI_AUDIT"."DBT_TESTS__tmp_20260314061157163991"
         as
        (
        SELECT
        
            
                metadata_hash
            
        
        FROM "DATAPAI"."DATAPAI_AUDIT"."DBT_TESTS"
        WHERE 1 = 0
    
        );
[0m17:11:57.497459 [debug] [MainThread]: SQL status: SUCCESS 1 in 0.0 seconds
[0m17:11:57.503718 [debug] [MainThread]: Using snowflake connection "master"
[0m17:11:57.504280 [debug] [MainThread]: On master: /* {"app": "dbt", "dbt_version": "1.7.7", "profile_name": "datapai_snowflake", "target_name": "dev", "connection_name": "master"} */
describe table "DATAPAI"."DATAPAI_AUDIT"."DBT_TESTS__tmp_20260314061157163991"
[0m17:11:57.565563 [debug] [MainThread]: SQL status: SUCCESS 1 in 0.0 seconds
[0m17:11:57.567438 [debug] [MainThread]: Elementary: Inserting 1 rows to table "DATAPAI"."DATAPAI_AUDIT"."DBT_TESTS__tmp_20260314061157163991"
[0m17:11:57.570316 [debug] [MainThread]: Elementary: [1/1] Running insert query.
[0m17:11:57.571614 [debug] [MainThread]: Using snowflake connection "master"
[0m17:11:57.572066 [debug] [MainThread]: On master: /* {"app": "dbt", "dbt_version": "1.7.7", "profile_name": "datapai_snowflake", "target_name": "dev", "connection_name": "master"} */
insert into "DATAPAI"."DATAPAI_AUDIT"."DBT_TESTS__tmp_20260314061157163991"
         (METADATA_HASH) values
    ('b2cfb78903bdb0ddf84f05fbf79b9092')
[0m17:11:57.809074 [debug] [MainThread]: SQL status: SUCCESS 1 in 0.0 seconds
[0m17:11:57.812364 [debug] [MainThread]: Using snowflake connection "master"
[0m17:11:57.812901 [debug] [MainThread]: On master: /* {"app": "dbt", "dbt_version": "1.7.7", "profile_name": "datapai_snowflake", "target_name": "dev", "connection_name": "master"} */
create or replace temporary table "DATAPAI"."DATAPAI_AUDIT"."DBT_TESTS__tmp_20260314061157810609"
         as
        (
        SELECT
        
            *
        
        FROM "DATAPAI"."DATAPAI_AUDIT"."DBT_TESTS"
        WHERE 1 = 0
    
        );
[0m17:11:58.107004 [debug] [MainThread]: SQL status: SUCCESS 1 in 0.0 seconds
[0m17:11:58.112506 [debug] [MainThread]: Using snowflake connection "master"
[0m17:11:58.112910 [debug] [MainThread]: On master: /* {"app": "dbt", "dbt_version": "1.7.7", "profile_name": "datapai_snowflake", "target_name": "dev", "connection_name": "master"} */
describe table "DATAPAI"."DATAPAI_AUDIT"."DBT_TESTS__tmp_20260314061157810609"
[0m17:11:58.170952 [debug] [MainThread]: SQL status: SUCCESS 26 in 0.0 seconds
[0m17:11:58.173496 [debug] [MainThread]: Elementary: Inserting 1 rows to table "DATAPAI"."DATAPAI_AUDIT"."DBT_TESTS__tmp_20260314061157810609"
[0m17:11:58.186450 [debug] [MainThread]: Elementary: [1/1] Running insert query.
[0m17:11:58.187760 [debug] [MainThread]: Using snowflake connection "master"
[0m17:11:58.188101 [debug] [MainThread]: On master: /* {"app": "dbt", "dbt_version": "1.7.7", "profile_name": "datapai_snowflake", "target_name": "dev", "connection_name": "master"} */
insert into "DATAPAI"."DATAPAI_AUDIT"."DBT_TESTS__tmp_20260314061157810609"
         (UNIQUE_ID,DATABASE_NAME,SCHEMA_NAME,NAME,SHORT_NAME,ALIAS,TEST_COLUMN_NAME,SEVERITY,WARN_IF,ERROR_IF,TEST_PARAMS,TEST_NAMESPACE,TAGS,MODEL_TAGS,MODEL_OWNERS,META,DEPENDS_ON_MACROS,DEPENDS_ON_NODES,PARENT_MODEL_UNIQUE_ID,DESCRIPTION,PACKAGE_NAME,TYPE,ORIGINAL_PATH,PATH,GENERATED_AT,METADATA_HASH) values
    ('test.datapai.not_null_prices_trade_date.7709ab4239','DATAPAI','DATAPAI','not_null_prices_trade_date','not_null','not_null_prices_trade_date','trade_date','ERROR','!= 0','!= 0','{"column_name": "trade_date", "model": "{{ get_where_subquery(ref(\'prices\')) }}"}',NULL,'[]','["daily", "iceberg", "ohlcv", "stock"]','[]','{"description": "This test validates that there are no `null` values present in a column."}','["macro.dbt.test_not_null"]','["model.datapai.prices"]','model.datapai.prices','This test validates that there are no `null` values present in a column.','datapai','generic','models/stock/schema.yml','not_null_prices_trade_date.sql','2026-03-14 06:11:57','e3f655a5d78d0e830db0942c81ce9dec')
[0m17:11:58.407340 [debug] [MainThread]: SQL status: SUCCESS 1 in 0.0 seconds
[0m17:11:58.410273 [debug] [MainThread]: Using snowflake connection "master"
[0m17:11:58.410803 [debug] [MainThread]: On master: /* {"app": "dbt", "dbt_version": "1.7.7", "profile_name": "datapai_snowflake", "target_name": "dev", "connection_name": "master"} */
begin transaction;
[0m17:11:58.480520 [debug] [MainThread]: SQL status: SUCCESS 1 in 0.0 seconds
[0m17:11:58.481271 [debug] [MainThread]: Using snowflake connection "master"
[0m17:11:58.481879 [debug] [MainThread]: On master: /* {"app": "dbt", "dbt_version": "1.7.7", "profile_name": "datapai_snowflake", "target_name": "dev", "connection_name": "master"} */
delete from "DATAPAI"."DATAPAI_AUDIT"."DBT_TESTS" where metadata_hash in (select metadata_hash from "DATAPAI"."DATAPAI_AUDIT"."DBT_TESTS__tmp_20260314061157163991");
[0m17:11:58.803684 [debug] [MainThread]: SQL status: SUCCESS 1 in 0.0 seconds
[0m17:11:58.804281 [debug] [MainThread]: Using snowflake connection "master"
[0m17:11:58.804712 [debug] [MainThread]: On master: /* {"app": "dbt", "dbt_version": "1.7.7", "profile_name": "datapai_snowflake", "target_name": "dev", "connection_name": "master"} */
insert into "DATAPAI"."DATAPAI_AUDIT"."DBT_TESTS" select * from "DATAPAI"."DATAPAI_AUDIT"."DBT_TESTS__tmp_20260314061157810609";
[0m17:11:59.131458 [debug] [MainThread]: SQL status: SUCCESS 1 in 0.0 seconds
[0m17:11:59.132423 [debug] [MainThread]: Using snowflake connection "master"
[0m17:11:59.132903 [debug] [MainThread]: On master: /* {"app": "dbt", "dbt_version": "1.7.7", "profile_name": "datapai_snowflake", "target_name": "dev", "connection_name": "master"} */
COMMIT
[0m17:11:59.357113 [debug] [MainThread]: SQL status: SUCCESS 1 in 0.0 seconds
[0m17:11:59.358726 [debug] [MainThread]: Elementary: Finished deleting from and inserting to: "DATAPAI"."DATAPAI_AUDIT"."DBT_TESTS"
[0m17:11:59.361781 [debug] [MainThread]: Elementary: [DBT_SOURCES] Flattening the artifacts.
[0m17:11:59.388957 [debug] [MainThread]: Elementary: [DBT_SOURCES] Flattened 19 artifacts.
[0m17:11:59.390243 [debug] [MainThread]: Elementary: [DBT_SOURCES] Comparing the artifacts state.
[0m17:11:59.391111 [debug] [MainThread]: Elementary: [DBT_SOURCES] Artifacts did not change.
[0m17:11:59.394228 [debug] [MainThread]: Elementary: [DBT_SNAPSHOTS] Flattening the artifacts.
[0m17:11:59.395381 [debug] [MainThread]: Elementary: [DBT_SNAPSHOTS] Flattened 0 artifacts.
[0m17:11:59.396359 [debug] [MainThread]: Elementary: [DBT_SNAPSHOTS] Comparing the artifacts state.
[0m17:11:59.397084 [debug] [MainThread]: Elementary: [DBT_SNAPSHOTS] Artifacts did not change.
[0m17:11:59.399293 [debug] [MainThread]: Elementary: [DBT_METRICS] Flattening the artifacts.
[0m17:11:59.400200 [debug] [MainThread]: Elementary: [DBT_METRICS] Flattened 0 artifacts.
[0m17:11:59.401244 [debug] [MainThread]: Elementary: [DBT_METRICS] Comparing the artifacts state.
[0m17:11:59.402060 [debug] [MainThread]: Elementary: [DBT_METRICS] Artifacts changed.
[0m17:11:59.403594 [debug] [MainThread]: Elementary: Deleting from and inserting to: "DATAPAI"."DATAPAI_AUDIT"."DBT_METRICS"
[0m17:11:59.405227 [debug] [MainThread]: Using snowflake connection "master"
[0m17:11:59.405521 [debug] [MainThread]: On master: /* {"app": "dbt", "dbt_version": "1.7.7", "profile_name": "datapai_snowflake", "target_name": "dev", "connection_name": "master"} */
create or replace temporary table "DATAPAI"."DATAPAI_AUDIT"."DBT_METRICS__tmp_20260314061159404145"
         as
        (
        SELECT
        
            
                metadata_hash
            
        
        FROM "DATAPAI"."DATAPAI_AUDIT"."DBT_METRICS"
        WHERE 1 = 0
    
        );
[0m17:11:59.706989 [debug] [MainThread]: SQL status: SUCCESS 1 in 0.0 seconds
[0m17:11:59.713392 [debug] [MainThread]: Using snowflake connection "master"
[0m17:11:59.713930 [debug] [MainThread]: On master: /* {"app": "dbt", "dbt_version": "1.7.7", "profile_name": "datapai_snowflake", "target_name": "dev", "connection_name": "master"} */
describe table "DATAPAI"."DATAPAI_AUDIT"."DBT_METRICS__tmp_20260314061159404145"
[0m17:11:59.776919 [debug] [MainThread]: SQL status: SUCCESS 1 in 0.0 seconds
[0m17:11:59.778514 [debug] [MainThread]: Elementary: Inserting 4 rows to table "DATAPAI"."DATAPAI_AUDIT"."DBT_METRICS__tmp_20260314061159404145"
[0m17:11:59.782878 [debug] [MainThread]: Elementary: [1/1] Running insert query.
[0m17:11:59.784109 [debug] [MainThread]: Using snowflake connection "master"
[0m17:11:59.784486 [debug] [MainThread]: On master: /* {"app": "dbt", "dbt_version": "1.7.7", "profile_name": "datapai_snowflake", "target_name": "dev", "connection_name": "master"} */
insert into "DATAPAI"."DATAPAI_AUDIT"."DBT_METRICS__tmp_20260314061159404145"
         (METADATA_HASH) values
    ('3d63c614a5006eed50c951fef58b61d0'),('b74fabb847ca2fc2261e0f9690c490dd'),('eb2096c405188b3605629f9e1983eb2c'),('f0fa0ee382d7b5b6bc37e9dd2fe3b4f9')
[0m17:11:59.986770 [debug] [MainThread]: SQL status: SUCCESS 4 in 0.0 seconds
[0m17:11:59.989053 [debug] [MainThread]: Using snowflake connection "master"
[0m17:11:59.989626 [debug] [MainThread]: On master: /* {"app": "dbt", "dbt_version": "1.7.7", "profile_name": "datapai_snowflake", "target_name": "dev", "connection_name": "master"} */
begin transaction;
[0m17:12:00.056222 [debug] [MainThread]: SQL status: SUCCESS 1 in 0.0 seconds
[0m17:12:00.056813 [debug] [MainThread]: Using snowflake connection "master"
[0m17:12:00.057270 [debug] [MainThread]: On master: /* {"app": "dbt", "dbt_version": "1.7.7", "profile_name": "datapai_snowflake", "target_name": "dev", "connection_name": "master"} */
delete from "DATAPAI"."DATAPAI_AUDIT"."DBT_METRICS" where metadata_hash in (select metadata_hash from "DATAPAI"."DATAPAI_AUDIT"."DBT_METRICS__tmp_20260314061159404145");
[0m17:12:00.387662 [debug] [MainThread]: SQL status: SUCCESS 4 in 0.0 seconds
[0m17:12:00.388498 [debug] [MainThread]: Using snowflake connection "master"
[0m17:12:00.388906 [debug] [MainThread]: On master: /* {"app": "dbt", "dbt_version": "1.7.7", "profile_name": "datapai_snowflake", "target_name": "dev", "connection_name": "master"} */
COMMIT
[0m17:12:00.596530 [debug] [MainThread]: SQL status: SUCCESS 1 in 0.0 seconds
[0m17:12:00.601044 [debug] [MainThread]: Elementary: Finished deleting from and inserting to: "DATAPAI"."DATAPAI_AUDIT"."DBT_METRICS"
[0m17:12:00.605734 [debug] [MainThread]: Elementary: [DBT_EXPOSURES] Flattening the artifacts.
[0m17:12:00.632309 [debug] [MainThread]: Elementary: [DBT_EXPOSURES] Flattened 11 artifacts.
[0m17:12:00.633802 [debug] [MainThread]: Elementary: [DBT_EXPOSURES] Comparing the artifacts state.
[0m17:12:00.634823 [debug] [MainThread]: Elementary: [DBT_EXPOSURES] Artifacts did not change.
[0m17:12:00.637772 [debug] [MainThread]: Elementary: [DBT_SEEDS] Flattening the artifacts.
[0m17:12:00.674315 [debug] [MainThread]: Elementary: [DBT_SEEDS] Flattened 21 artifacts.
[0m17:12:00.675837 [debug] [MainThread]: Elementary: [DBT_SEEDS] Comparing the artifacts state.
[0m17:12:00.676619 [debug] [MainThread]: Elementary: [DBT_SEEDS] Artifacts did not change.
[0m17:12:00.680142 [debug] [MainThread]: Elementary: Uploading run results.
[0m17:12:00.680993 [debug] [MainThread]: Elementary: [DBT_RUN_RESULTS] Flattening the artifacts.
[0m17:12:00.696235 [debug] [MainThread]: Elementary: [DBT_RUN_RESULTS] Flattened 2 artifacts.
[0m17:12:00.699661 [debug] [MainThread]: Using snowflake connection "master"
[0m17:12:00.699938 [debug] [MainThread]: On master: /* {"app": "dbt", "dbt_version": "1.7.7", "profile_name": "datapai_snowflake", "target_name": "dev", "connection_name": "master"} */
describe table "DATAPAI"."DATAPAI_AUDIT"."DBT_RUN_RESULTS"
[0m17:12:00.764848 [debug] [MainThread]: SQL status: SUCCESS 19 in 0.0 seconds
[0m17:12:00.767116 [debug] [MainThread]: Elementary: Inserting 2 rows to table "DATAPAI"."DATAPAI_AUDIT"."DBT_RUN_RESULTS"
[0m17:12:00.785194 [debug] [MainThread]: Elementary: [1/1] Running insert query.
[0m17:12:00.786965 [debug] [MainThread]: Using snowflake connection "master"
[0m17:12:00.787395 [debug] [MainThread]: On master: /* {"app": "dbt", "dbt_version": "1.7.7", "profile_name": "datapai_snowflake", "target_name": "dev", "connection_name": "master"} */
insert into "DATAPAI"."DATAPAI_AUDIT"."DBT_RUN_RESULTS"
         (MODEL_EXECUTION_ID,UNIQUE_ID,INVOCATION_ID,GENERATED_AT,NAME,MESSAGE,STATUS,RESOURCE_TYPE,EXECUTION_TIME,EXECUTE_STARTED_AT,EXECUTE_COMPLETED_AT,COMPILE_STARTED_AT,COMPILE_COMPLETED_AT,ROWS_AFFECTED,FULL_REFRESH,COMPILED_CODE,FAILURES,QUERY_ID,THREAD_ID) values
    ('b1e827f3-2d08-42eb-8ec1-a9ab40865913.model.datapai.ohlcv_intraday','model.datapai.ohlcv_intraday','b1e827f3-2d08-42eb-8ec1-a9ab40865913','2026-03-14 06:12:00','ohlcv_intraday','SUCCESS 1','success','model',1.4075927734375,'2026-03-14T06:11:40.526852Z','2026-03-14T06:11:41.847977Z','2026-03-14T06:11:40.514072Z','2026-03-14T06:11:40.526154Z',1,True,'\n\n/*\n  30-minute OHLCV intraday bars — Snowflake Managed Iceberg table.\n\n  Source:       S3 raw Parquet at s3://$S3_BUCKET_STOCK/stock/raw/ohlcv_intraday/\n  Stage:        DATAPAI.STOCK.S3_RAW_STAGE (DATAPAI_S3_INTEGRATION)\n  Bronze path:  s3://$S3_BUCKET_STOCK/stock/bronze/ohlcv_intraday/  (written by Snowflake)\n  Data loader:  scripts/sync_snowflake_iceberg.py  ← partition-level DELETE+INSERT\n  Full rebuild: dbt run --full-refresh --select ohlcv_intraday\n*/\n\n\n\n\nSELECT\n    $1:ticker::VARCHAR(20)    AS ticker,\n    $1:ts::TIMESTAMP_TZ       AS ts,\n    $1:open::DOUBLE           AS open,\n    $1:high::DOUBLE           AS high,\n    $1:low::DOUBLE            AS low,\n    $1:close::DOUBLE          AS close,\n    $1:volume::BIGINT         AS volume,\n    $1:exchange::VARCHAR(10)  AS exchange,\n    $1:source::VARCHAR(20)    AS source\nFROM @DATAPAI.STOCK.S3_RAW_STAGE/ohlcv_intraday/\n\n',NULL,'01c30433-3205-7ec3-0001-c41600b873aa','Thread-1'),('b1e827f3-2d08-42eb-8ec1-a9ab40865913.model.datapai.prices','model.datapai.prices','b1e827f3-2d08-42eb-8ec1-a9ab40865913','2026-03-14 06:12:00','prices','SUCCESS 1','success','model',12.295480251312256,'2026-03-14T06:11:40.544769Z','2026-03-14T06:11:52.743362Z','2026-03-14T06:11:40.519735Z','2026-03-14T06:11:40.531919Z',1,True,'\n\n/*\n  Daily OHLCV prices — Snowflake Managed Iceberg table.\n\n  Source:       S3 raw Parquet at s3://$S3_BUCKET_STOCK/stock/raw/prices/\n  Stage:        DATAPAI.STOCK.S3_RAW_STAGE (DATAPAI_S3_INTEGRATION)\n  Bronze path:  s3://$S3_BUCKET_STOCK/stock/bronze/prices/  (written by Snowflake)\n  Data loader:  scripts/sync_snowflake_iceberg.py  ← partition-level DELETE+INSERT\n  Full rebuild: dbt run --full-refresh --select prices\n\n  Schema managed by dbt.  Data loaded by sync_snowflake_iceberg.py.\n*/\n\n\n\n\nSELECT\n    $1:ticker::VARCHAR(20)    AS ticker,\n    $1:trade_date::DATE       AS trade_date,\n    $1:open::DOUBLE           AS open,\n    $1:high::DOUBLE           AS high,\n    $1:low::DOUBLE            AS low,\n    $1:close::DOUBLE          AS close,\n    $1:adj_close::DOUBLE      AS adj_close,\n    $1:volume::BIGINT         AS volume,\n    $1:exchange::VARCHAR(10)  AS exchange,\n    $1:source::VARCHAR(20)    AS source\nFROM @DATAPAI.STOCK.S3_RAW_STAGE/prices/\n\n',NULL,'01c30433-3205-7ec3-0001-c41600b873b2','Thread-2')
[0m17:12:01.445152 [debug] [MainThread]: SQL status: SUCCESS 2 in 1.0 seconds
[0m17:12:01.447091 [debug] [MainThread]: Elementary: Uploaded run results successfully.
[0m17:12:01.460884 [debug] [MainThread]: Elementary: Uploading dbt invocation.
[0m17:12:01.492573 [debug] [MainThread]: Using snowflake connection "master"
[0m17:12:01.493007 [debug] [MainThread]: On master: /* {"app": "dbt", "dbt_version": "1.7.7", "profile_name": "datapai_snowflake", "target_name": "dev", "connection_name": "master"} */
describe table "DATAPAI"."DATAPAI_AUDIT"."DBT_INVOCATIONS"
[0m17:12:01.545707 [debug] [MainThread]: SQL status: SUCCESS 30 in 0.0 seconds
[0m17:12:01.548630 [debug] [MainThread]: Elementary: Inserting 1 rows to table "DATAPAI"."DATAPAI_AUDIT"."DBT_INVOCATIONS"
[0m17:12:01.564861 [debug] [MainThread]: Elementary: [1/1] Running insert query.
[0m17:12:01.566446 [debug] [MainThread]: Using snowflake connection "master"
[0m17:12:01.566808 [debug] [MainThread]: On master: /* {"app": "dbt", "dbt_version": "1.7.7", "profile_name": "datapai_snowflake", "target_name": "dev", "connection_name": "master"} */
insert into "DATAPAI"."DATAPAI_AUDIT"."DBT_INVOCATIONS"
         (INVOCATION_ID,JOB_ID,JOB_NAME,JOB_RUN_ID,RUN_STARTED_AT,RUN_COMPLETED_AT,GENERATED_AT,COMMAND,DBT_VERSION,ELEMENTARY_VERSION,FULL_REFRESH,INVOCATION_VARS,VARS,TARGET_NAME,TARGET_DATABASE,TARGET_SCHEMA,TARGET_PROFILE_NAME,THREADS,SELECTED,YAML_SELECTOR,PROJECT_ID,PROJECT_NAME,ENV,ENV_ID,CAUSE_CATEGORY,CAUSE,PULL_REQUEST_ID,GIT_SHA,ORCHESTRATOR,DBT_USER) values
    ('b1e827f3-2d08-42eb-8ec1-a9ab40865913',NULL,NULL,NULL,'2026-03-14 06:11:34','2026-03-14 06:12:01','2026-03-14 06:12:01','run','1.7.7','0.7.5',True,'{}','{"s3_bucket": "{{ env_var(\'S3_BUCKET_STOCK\', \'codepais3\') }}", "s3_raw_base": "stock/raw", "external_volume": "DATAPAI_S3_VOL", "raw_stage": "S3_RAW_STAGE"}','dev','DATAPAI','DATAPAI','datapai_snowflake',3,'["stock.*"]','[]',NULL,'datapai',NULL,NULL,NULL,NULL,NULL,NULL,NULL,NULL)
[0m17:12:01.998911 [debug] [MainThread]: SQL status: SUCCESS 1 in 0.0 seconds
[0m17:12:02.001138 [debug] [MainThread]: Elementary: Uploaded dbt invocation successfully.
[0m17:12:02.003558 [debug] [MainThread]: Writing injected SQL for node "operation.elementary.elementary-on-run-end-0"
[0m17:12:02.004828 [info ] [MainThread]: 1 of 1 START hook: elementary.on-run-end.0 ..................................... [RUN]
[0m17:12:02.005355 [info ] [MainThread]: 1 of 1 OK hook: elementary.on-run-end.0 ........................................ [[32mOK[0m in 0.00s]
[0m17:12:02.005718 [info ] [MainThread]: 
[0m17:12:02.006141 [debug] [MainThread]: On master: Close
[0m17:12:02.074661 [debug] [MainThread]: Connection 'master' was properly closed.
[0m17:12:02.075112 [debug] [MainThread]: Connection 'model.datapai.ohlcv_intraday' was properly closed.
[0m17:12:02.075448 [debug] [MainThread]: Connection 'model.datapai.prices' was properly closed.
[0m17:12:02.075748 [debug] [MainThread]: Connection 'list_DATAPAI_DATAPAI_audit' was properly closed.
[0m17:12:02.076158 [info ] [MainThread]: 
[0m17:12:02.076534 [info ] [MainThread]: Finished running 2 incremental models, 2 hooks in 0 hours 0 minutes and 23.19 seconds (23.19s).
[0m17:12:02.077323 [debug] [MainThread]: Command end result
[0m17:12:02.110446 [info ] [MainThread]: 
[0m17:12:02.110860 [info ] [MainThread]: [32mCompleted successfully[0m
[0m17:12:02.111136 [info ] [MainThread]: 
[0m17:12:02.111436 [info ] [MainThread]: Done. PASS=2 WARN=0 ERROR=0 SKIP=0 TOTAL=2
[0m17:12:02.113375 [debug] [MainThread]: Flushing usage events


============================== 17:21:40.913541 | 6bfe7f52-4870-474a-91e4-8ad43c1c6b91 ==============================
[0m17:21:40.913541 [info ] [MainThread]: Running with dbt=1.8.7
[0m17:21:40.917660 [debug] [MainThread]: running dbt with arguments {'printer_width': '80', 'indirect_selection': 'eager', 'write_json': 'True', 'log_cache_events': 'False', 'partial_parse': 'True', 'cache_selected_only': 'False', 'warn_error': 'None', 'fail_fast': 'False', 'version_check': 'True', 'log_path': '/Users/linlin/git/dbt-demo/logs', 'debug': 'False', 'profiles_dir': '/Users/linlin/git/dbt-demo', 'use_colors': 'True', 'use_experimental_parser': 'False', 'empty': 'False', 'quiet': 'False', 'no_print': 'None', 'warn_error_options': 'WarnErrorOptions(include=[], exclude=[])', 'introspect': 'True', 'static_parser': 'True', 'log_format': 'default', 'target_path': 'None', 'invocation_command': 'dbt run --profiles-dir /Users/linlin/git/dbt-demo --project-dir /Users/linlin/git/dbt-demo --select stock.* --full-refresh', 'send_anonymous_usage_stats': 'False'}
[0m17:21:40.918024 [warn ] [MainThread]: [[33mWARNING[0m]: Deprecated functionality

User config should be moved from the 'config' key in profiles.yml to the 'flags' key in dbt_project.yml.
[0m17:21:41.093572 [warn ] [MainThread]: [[33mWARNING[0m]: Deprecated functionality
The `tests` config has been renamed to `data_tests`. Please see
https://docs.getdbt.com/docs/build/data-tests#new-data_tests-syntax for more
information.
[0m17:21:41.158513 [info ] [MainThread]: Registered adapter: snowflake=1.8.4
[0m17:21:41.205211 [debug] [MainThread]: checksum: 4af21dafb485259c48497ac86b711ddb1982f3d0f1c0ca4e09356de488b753c0, vars: {}, profile: , target: , version: 1.8.7
[0m17:21:41.385986 [info ] [MainThread]: Unable to do partial parsing because of a version mismatch
[0m17:21:45.015506 [warn ] [MainThread]: [[33mWARNING[0m]: Configuration paths exist in your dbt_project.yml file which do not apply to any resources.
There are 8 unused configuration paths:
- models.obt
- models.intermediate
- models.ai_mart
- models.reporting
- models.staging
- seeds.marketing
- seeds.ai_mart
- seeds.finance
[0m17:21:45.236247 [info ] [MainThread]: Found 68 models, 1 analysis, 21 seeds, 2 operations, 165 data tests, 19 sources, 11 exposures, 1406 macros
[0m17:21:45.239424 [info ] [MainThread]: 
[0m17:21:45.239907 [debug] [MainThread]: Acquiring new snowflake connection 'master'
[0m17:21:45.242029 [debug] [ThreadPool]: Acquiring new snowflake connection 'list_DATAPAI'
[0m17:21:45.287332 [debug] [ThreadPool]: Using snowflake connection "list_DATAPAI"
[0m17:21:45.287732 [debug] [ThreadPool]: On list_DATAPAI: /* {"app": "dbt", "dbt_version": "1.8.7", "profile_name": "datapai_snowflake", "target_name": "dev", "connection_name": "list_DATAPAI"} */
show terse schemas in database DATAPAI
    limit 10000
[0m17:21:45.287958 [debug] [ThreadPool]: Opening a new connection, currently in state init
[0m17:21:45.798376 [debug] [ThreadPool]: SQL status: SUCCESS 6 in 0.510 seconds
[0m17:21:45.800420 [debug] [ThreadPool]: On list_DATAPAI: Close
[0m17:21:45.882381 [debug] [ThreadPool]: Re-using an available connection from the pool (formerly list_DATAPAI, now list_DATAPAI_audit)
[0m17:21:45.882998 [debug] [ThreadPool]: Acquiring new snowflake connection 'list_DATAPAI_STOCK'
[0m17:21:45.883816 [debug] [ThreadPool]: Acquiring new snowflake connection 'list_DATAPAI_ai_mart'
[0m17:21:45.893122 [debug] [ThreadPool]: Using snowflake connection "list_DATAPAI_audit"
[0m17:21:45.896454 [debug] [ThreadPool]: Using snowflake connection "list_DATAPAI_STOCK"
[0m17:21:45.899517 [debug] [ThreadPool]: Using snowflake connection "list_DATAPAI_ai_mart"
[0m17:21:45.899842 [debug] [ThreadPool]: On list_DATAPAI_audit: /* {"app": "dbt", "dbt_version": "1.8.7", "profile_name": "datapai_snowflake", "target_name": "dev", "connection_name": "list_DATAPAI_audit"} */
show objects in DATAPAI.audit limit 10000
[0m17:21:45.900129 [debug] [ThreadPool]: On list_DATAPAI_STOCK: /* {"app": "dbt", "dbt_version": "1.8.7", "profile_name": "datapai_snowflake", "target_name": "dev", "connection_name": "list_DATAPAI_STOCK"} */
show objects in DATAPAI.STOCK limit 10000
[0m17:21:45.900390 [debug] [ThreadPool]: On list_DATAPAI_ai_mart: /* {"app": "dbt", "dbt_version": "1.8.7", "profile_name": "datapai_snowflake", "target_name": "dev", "connection_name": "list_DATAPAI_ai_mart"} */
show objects in DATAPAI.ai_mart limit 10000
[0m17:21:45.900665 [debug] [ThreadPool]: Opening a new connection, currently in state closed
[0m17:21:45.900916 [debug] [ThreadPool]: Opening a new connection, currently in state init
[0m17:21:45.901171 [debug] [ThreadPool]: Opening a new connection, currently in state init
[0m17:21:46.126379 [debug] [ThreadPool]: SQL status: SUCCESS 0 in 0.225 seconds
[0m17:21:46.128248 [debug] [ThreadPool]: On list_DATAPAI_STOCK: Close
[0m17:21:46.134794 [debug] [ThreadPool]: Snowflake adapter: Snowflake query id: 01c3043d-3205-7ec3-0001-c41600b874b2
[0m17:21:46.135187 [debug] [ThreadPool]: Snowflake adapter: Snowflake error: 002043 (02000): SQL compilation error:
Object does not exist, or operation cannot be performed.
[0m17:21:46.135681 [debug] [ThreadPool]: Snowflake adapter: Error running SQL: macro list_relations_without_caching
[0m17:21:46.135984 [debug] [ThreadPool]: Snowflake adapter: Rolling back transaction.
[0m17:21:46.136355 [debug] [ThreadPool]: On list_DATAPAI_audit: Close
[0m17:21:46.139589 [debug] [ThreadPool]: Snowflake adapter: Snowflake query id: 01c3043d-3205-7ec3-0001-c41600b874b6
[0m17:21:46.139952 [debug] [ThreadPool]: Snowflake adapter: Snowflake error: 002043 (02000): SQL compilation error:
Object does not exist, or operation cannot be performed.
[0m17:21:46.140413 [debug] [ThreadPool]: Snowflake adapter: Error running SQL: macro list_relations_without_caching
[0m17:21:46.140740 [debug] [ThreadPool]: Snowflake adapter: Rolling back transaction.
[0m17:21:46.141076 [debug] [ThreadPool]: On list_DATAPAI_ai_mart: Close
[0m17:21:46.198382 [debug] [ThreadPool]: Re-using an available connection from the pool (formerly list_DATAPAI_ai_mart, now list_DATAPAI_DATAPAI)
[0m17:21:46.202399 [debug] [ThreadPool]: Using snowflake connection "list_DATAPAI_DATAPAI"
[0m17:21:46.202743 [debug] [ThreadPool]: On list_DATAPAI_DATAPAI: /* {"app": "dbt", "dbt_version": "1.8.7", "profile_name": "datapai_snowflake", "target_name": "dev", "connection_name": "list_DATAPAI_DATAPAI"} */
show objects in DATAPAI.DATAPAI limit 10000
[0m17:21:46.203039 [debug] [ThreadPool]: Opening a new connection, currently in state closed
[0m17:21:46.211340 [debug] [ThreadPool]: Re-using an available connection from the pool (formerly list_DATAPAI_STOCK, now list_DATAPAI_test_audit)
[0m17:21:46.214940 [debug] [ThreadPool]: Using snowflake connection "list_DATAPAI_test_audit"
[0m17:21:46.215244 [debug] [ThreadPool]: On list_DATAPAI_test_audit: /* {"app": "dbt", "dbt_version": "1.8.7", "profile_name": "datapai_snowflake", "target_name": "dev", "connection_name": "list_DATAPAI_test_audit"} */
show objects in DATAPAI.test_audit limit 10000
[0m17:21:46.215516 [debug] [ThreadPool]: Opening a new connection, currently in state closed
[0m17:21:46.431863 [debug] [ThreadPool]: Snowflake adapter: Snowflake query id: 01c3043d-3205-7ec3-0001-c41600b874be
[0m17:21:46.432304 [debug] [ThreadPool]: Snowflake adapter: Snowflake error: 002043 (02000): SQL compilation error:
Object does not exist, or operation cannot be performed.
[0m17:21:46.432734 [debug] [ThreadPool]: Snowflake adapter: Error running SQL: macro list_relations_without_caching
[0m17:21:46.433030 [debug] [ThreadPool]: Snowflake adapter: Rolling back transaction.
[0m17:21:46.433369 [debug] [ThreadPool]: On list_DATAPAI_test_audit: Close
[0m17:21:46.464800 [debug] [ThreadPool]: SQL status: SUCCESS 59 in 0.262 seconds
[0m17:21:46.469017 [debug] [ThreadPool]: On list_DATAPAI_DATAPAI: Close
[0m17:21:46.546274 [info ] [MainThread]: 
[0m17:21:46.546734 [info ] [MainThread]: Running 1 on-run-start hook
[0m17:21:46.558022 [debug] [MainThread]: Writing injected SQL for node "operation.elementary.elementary-on-run-start-0"
[0m17:21:46.560679 [info ] [MainThread]: 1 of 1 START hook: elementary.on-run-start.0 ................................... [RUN]
[0m17:21:46.561099 [info ] [MainThread]: 1 of 1 OK hook: elementary.on-run-start.0 ...................................... [[32mOK[0m in 0.00s]
[0m17:21:46.561394 [info ] [MainThread]: 
[0m17:21:46.561774 [info ] [MainThread]: Concurrency: 3 threads (target='dev')
[0m17:21:46.562045 [info ] [MainThread]: 
[0m17:21:46.563724 [debug] [Thread-1  ]: Began running node model.datapai.ohlcv_intraday
[0m17:21:46.564075 [debug] [Thread-2  ]: Began running node model.datapai.prices
[0m17:21:46.564512 [info ] [Thread-1  ]: 1 of 2 START sql incremental model STOCK.ohlcv_intraday ........................ [RUN]
[0m17:21:46.564942 [info ] [Thread-2  ]: 2 of 2 START sql incremental model STOCK.prices ................................ [RUN]
[0m17:21:46.565351 [debug] [Thread-1  ]: Re-using an available connection from the pool (formerly list_DATAPAI_audit, now model.datapai.ohlcv_intraday)
[0m17:21:46.565709 [debug] [Thread-2  ]: Re-using an available connection from the pool (formerly list_DATAPAI_test_audit, now model.datapai.prices)
[0m17:21:46.566032 [debug] [Thread-1  ]: Began compiling node model.datapai.ohlcv_intraday
[0m17:21:46.566328 [debug] [Thread-2  ]: Began compiling node model.datapai.prices
[0m17:21:46.571515 [debug] [Thread-1  ]: Writing injected SQL for node "model.datapai.ohlcv_intraday"
[0m17:21:46.576973 [debug] [Thread-2  ]: Writing injected SQL for node "model.datapai.prices"
[0m17:21:46.577620 [debug] [Thread-2  ]: Began executing node model.datapai.prices
[0m17:21:46.577924 [debug] [Thread-1  ]: Began executing node model.datapai.ohlcv_intraday
[0m17:21:46.633699 [debug] [Thread-1  ]: Writing runtime sql for node "model.datapai.ohlcv_intraday"
[0m17:21:46.636106 [debug] [Thread-2  ]: Writing runtime sql for node "model.datapai.prices"
[0m17:21:46.637521 [debug] [Thread-2  ]: Using snowflake connection "model.datapai.prices"
[0m17:21:46.638381 [debug] [Thread-1  ]: Using snowflake connection "model.datapai.ohlcv_intraday"
[0m17:21:46.638682 [debug] [Thread-2  ]: On model.datapai.prices: /* {"app": "dbt", "dbt_version": "1.8.7", "profile_name": "datapai_snowflake", "target_name": "dev", "node_id": "model.datapai.prices"} */
create or replace transient table DATAPAI.STOCK.prices
         as
        (select * from (
              

/*
  Daily OHLCV prices — Snowflake Managed Iceberg table.

  Source:       S3 raw Parquet at s3://$S3_BUCKET_STOCK/stock/raw/prices/
  Stage:        DATAPAI.STOCK.S3_RAW_STAGE (DATAPAI_S3_INTEGRATION)
  Bronze path:  s3://$S3_BUCKET_STOCK/stock/bronze/prices/  (written by Snowflake)
  Data loader:  scripts/sync_snowflake_iceberg.py  ← partition-level DELETE+INSERT
  Full rebuild: dbt run --full-refresh --select prices

  Schema managed by dbt.  Data loaded by sync_snowflake_iceberg.py.
*/




SELECT
    $1:ticker::VARCHAR(20)    AS ticker,
    $1:trade_date::DATE       AS trade_date,
    $1:open::DOUBLE           AS open,
    $1:high::DOUBLE           AS high,
    $1:low::DOUBLE            AS low,
    $1:close::DOUBLE          AS close,
    $1:adj_close::DOUBLE      AS adj_close,
    $1:volume::BIGINT         AS volume,
    $1:exchange::VARCHAR(10)  AS exchange,
    $1:source::VARCHAR(20)    AS source
FROM @DATAPAI.STOCK.S3_RAW_STAGE/prices/


              ) order by (exchange, trade_date)
        );
[0m17:21:46.639012 [debug] [Thread-1  ]: On model.datapai.ohlcv_intraday: /* {"app": "dbt", "dbt_version": "1.8.7", "profile_name": "datapai_snowflake", "target_name": "dev", "node_id": "model.datapai.ohlcv_intraday"} */
create or replace transient table DATAPAI.STOCK.ohlcv_intraday
         as
        (select * from (
              

/*
  30-minute OHLCV intraday bars — Snowflake Managed Iceberg table.

  Source:       S3 raw Parquet at s3://$S3_BUCKET_STOCK/stock/raw/ohlcv_intraday/
  Stage:        DATAPAI.STOCK.S3_RAW_STAGE (DATAPAI_S3_INTEGRATION)
  Bronze path:  s3://$S3_BUCKET_STOCK/stock/bronze/ohlcv_intraday/  (written by Snowflake)
  Data loader:  scripts/sync_snowflake_iceberg.py  ← partition-level DELETE+INSERT
  Full rebuild: dbt run --full-refresh --select ohlcv_intraday
*/




SELECT
    $1:ticker::VARCHAR(20)    AS ticker,
    $1:ts::TIMESTAMP_TZ       AS ts,
    $1:open::DOUBLE           AS open,
    $1:high::DOUBLE           AS high,
    $1:low::DOUBLE            AS low,
    $1:close::DOUBLE          AS close,
    $1:volume::BIGINT         AS volume,
    $1:exchange::VARCHAR(10)  AS exchange,
    $1:source::VARCHAR(20)    AS source
FROM @DATAPAI.STOCK.S3_RAW_STAGE/ohlcv_intraday/


              ) order by (exchange, ts::DATE)
        );
[0m17:21:46.639300 [debug] [Thread-2  ]: Opening a new connection, currently in state closed
[0m17:21:46.639552 [debug] [Thread-1  ]: Opening a new connection, currently in state closed
[0m17:21:47.544794 [debug] [Thread-1  ]: SQL status: SUCCESS 1 in 0.905 seconds
[0m17:21:47.545856 [debug] [Thread-1  ]: Using snowflake connection "model.datapai.ohlcv_intraday"
[0m17:21:47.546515 [debug] [Thread-1  ]: On model.datapai.ohlcv_intraday: /* {"app": "dbt", "dbt_version": "1.8.7", "profile_name": "datapai_snowflake", "target_name": "dev", "node_id": "model.datapai.ohlcv_intraday"} */
alter table DATAPAI.STOCK.ohlcv_intraday cluster by (exchange, ts::DATE);
[0m17:21:47.655995 [debug] [Thread-1  ]: SQL status: SUCCESS 1 in 0.109 seconds
[0m17:21:47.670000 [debug] [Thread-1  ]: Applying DROP to: DATAPAI.STOCK.ohlcv_intraday__dbt_tmp
[0m17:21:47.676778 [debug] [Thread-1  ]: Using snowflake connection "model.datapai.ohlcv_intraday"
[0m17:21:47.677370 [debug] [Thread-1  ]: On model.datapai.ohlcv_intraday: /* {"app": "dbt", "dbt_version": "1.8.7", "profile_name": "datapai_snowflake", "target_name": "dev", "node_id": "model.datapai.ohlcv_intraday"} */
drop view if exists DATAPAI.STOCK.ohlcv_intraday__dbt_tmp cascade
[0m17:21:47.731601 [debug] [Thread-1  ]: SQL status: SUCCESS 1 in 0.054 seconds
[0m17:21:47.751877 [debug] [Thread-1  ]: On model.datapai.ohlcv_intraday: Close
[0m17:21:47.816429 [info ] [Thread-1  ]: 1 of 2 OK created sql incremental model STOCK.ohlcv_intraday ................... [[32mSUCCESS 1[0m in 1.25s]
[0m17:21:47.817212 [debug] [Thread-1  ]: Finished running node model.datapai.ohlcv_intraday
[0m17:21:58.706213 [debug] [Thread-2  ]: SQL status: SUCCESS 1 in 12.067 seconds
[0m17:21:58.707217 [debug] [Thread-2  ]: Using snowflake connection "model.datapai.prices"
[0m17:21:58.707864 [debug] [Thread-2  ]: On model.datapai.prices: /* {"app": "dbt", "dbt_version": "1.8.7", "profile_name": "datapai_snowflake", "target_name": "dev", "node_id": "model.datapai.prices"} */
alter table DATAPAI.STOCK.prices cluster by (exchange, trade_date);
[0m17:21:58.864316 [debug] [Thread-2  ]: SQL status: SUCCESS 1 in 0.156 seconds
[0m17:21:58.871562 [debug] [Thread-2  ]: Applying DROP to: DATAPAI.STOCK.prices__dbt_tmp
[0m17:21:58.872502 [debug] [Thread-2  ]: Using snowflake connection "model.datapai.prices"
[0m17:21:58.872960 [debug] [Thread-2  ]: On model.datapai.prices: /* {"app": "dbt", "dbt_version": "1.8.7", "profile_name": "datapai_snowflake", "target_name": "dev", "node_id": "model.datapai.prices"} */
drop view if exists DATAPAI.STOCK.prices__dbt_tmp cascade
[0m17:21:58.930625 [debug] [Thread-2  ]: SQL status: SUCCESS 1 in 0.057 seconds
[0m17:21:58.932653 [debug] [Thread-2  ]: On model.datapai.prices: Close
[0m17:21:59.005747 [info ] [Thread-2  ]: 2 of 2 OK created sql incremental model STOCK.prices ........................... [[32mSUCCESS 1[0m in 12.44s]
[0m17:21:59.006676 [debug] [Thread-2  ]: Finished running node model.datapai.prices
[0m17:21:59.008179 [info ] [MainThread]: 
[0m17:21:59.008675 [info ] [MainThread]: Running 1 on-run-end hook
[0m17:21:59.027943 [debug] [MainThread]: Elementary: Uploading dbt artifacts.
[0m17:21:59.045763 [debug] [MainThread]: Writing injected SQL for node "operation.elementary.elementary-on-run-end-0"
[0m17:21:59.046766 [info ] [MainThread]: 1 of 1 START hook: elementary.on-run-end.0 ..................................... [RUN]
[0m17:21:59.047195 [info ] [MainThread]: 1 of 1 OK hook: elementary.on-run-end.0 ........................................ [[32mOK[0m in 0.00s]
[0m17:21:59.047510 [info ] [MainThread]: 
[0m17:21:59.047882 [debug] [MainThread]: Connection 'master' was properly closed.
[0m17:21:59.048136 [debug] [MainThread]: Connection 'model.datapai.ohlcv_intraday' was properly closed.
[0m17:21:59.048374 [debug] [MainThread]: Connection 'model.datapai.prices' was properly closed.
[0m17:21:59.048610 [debug] [MainThread]: Connection 'list_DATAPAI_DATAPAI' was properly closed.
[0m17:21:59.048954 [info ] [MainThread]: 
[0m17:21:59.049232 [info ] [MainThread]: Finished running 2 incremental models, 2 project hooks in 0 hours 0 minutes and 13.81 seconds (13.81s).
[0m17:21:59.049844 [debug] [MainThread]: Command end result
[0m17:21:59.186020 [info ] [MainThread]: 
[0m17:21:59.186464 [info ] [MainThread]: [32mCompleted successfully[0m
[0m17:21:59.186741 [info ] [MainThread]: 
[0m17:21:59.187019 [info ] [MainThread]: Done. PASS=2 WARN=0 ERROR=0 SKIP=0 TOTAL=2
[0m17:21:59.188971 [debug] [MainThread]: Resource report: {"command_name": "run", "command_success": true, "command_wall_clock_time": 18.340183, "process_user_time": 5.554596, "process_kernel_time": 0.284116, "process_mem_max_rss": "172052480", "process_in_blocks": "0", "process_out_blocks": "0"}
[0m17:21:59.189300 [debug] [MainThread]: Command `dbt run` succeeded at 17:21:59.189243 after 18.34 seconds
[0m17:21:59.189569 [debug] [MainThread]: Flushing usage events


============================== 17:23:25.810105 | 10db833e-7e51-42e3-a420-9025c210903d ==============================
[0m17:23:25.810105 [info ] [MainThread]: Running with dbt=1.8.7
[0m17:23:25.813996 [debug] [MainThread]: running dbt with arguments {'printer_width': '80', 'indirect_selection': 'eager', 'log_cache_events': 'False', 'write_json': 'True', 'partial_parse': 'True', 'cache_selected_only': 'False', 'profiles_dir': '/Users/linlin/git/dbt-demo', 'version_check': 'True', 'debug': 'False', 'log_path': '/Users/linlin/git/dbt-demo/logs', 'fail_fast': 'False', 'warn_error': 'None', 'use_colors': 'True', 'use_experimental_parser': 'False', 'empty': 'False', 'quiet': 'False', 'no_print': 'None', 'log_format': 'default', 'invocation_command': 'dbt run --profiles-dir /Users/linlin/git/dbt-demo --project-dir /Users/linlin/git/dbt-demo --select stock.* --full-refresh', 'introspect': 'True', 'static_parser': 'True', 'target_path': 'None', 'warn_error_options': 'WarnErrorOptions(include=[], exclude=[])', 'send_anonymous_usage_stats': 'False'}
[0m17:23:25.814317 [warn ] [MainThread]: [[33mWARNING[0m]: Deprecated functionality

User config should be moved from the 'config' key in profiles.yml to the 'flags' key in dbt_project.yml.
[0m17:23:26.002036 [warn ] [MainThread]: [[33mWARNING[0m]: Deprecated functionality
The `tests` config has been renamed to `data_tests`. Please see
https://docs.getdbt.com/docs/build/data-tests#new-data_tests-syntax for more
information.
[0m17:23:26.069695 [info ] [MainThread]: Registered adapter: snowflake=1.8.4
[0m17:23:26.110128 [debug] [MainThread]: checksum: 4af21dafb485259c48497ac86b711ddb1982f3d0f1c0ca4e09356de488b753c0, vars: {}, profile: , target: , version: 1.8.7
[0m17:23:26.365089 [debug] [MainThread]: Partial parsing enabled: 0 files deleted, 0 files added, 2 files changed.
[0m17:23:26.366144 [debug] [MainThread]: Partial parsing: updated file: datapai://models/stock/ohlcv_intraday.sql
[0m17:23:26.366493 [debug] [MainThread]: Partial parsing: updated file: datapai://models/stock/prices.sql
[0m17:23:26.732132 [warn ] [MainThread]: [[33mWARNING[0m]: Configuration paths exist in your dbt_project.yml file which do not apply to any resources.
There are 8 unused configuration paths:
- models.intermediate
- models.staging
- models.obt
- models.ai_mart
- models.reporting
- seeds.finance
- seeds.ai_mart
- seeds.marketing
[0m17:23:26.950343 [info ] [MainThread]: Found 68 models, 1 analysis, 21 seeds, 2 operations, 165 data tests, 19 sources, 11 exposures, 1406 macros
[0m17:23:26.953192 [info ] [MainThread]: 
[0m17:23:26.953615 [debug] [MainThread]: Acquiring new snowflake connection 'master'
[0m17:23:26.956859 [debug] [ThreadPool]: Acquiring new snowflake connection 'list_DATAPAI'
[0m17:23:26.999318 [debug] [ThreadPool]: Using snowflake connection "list_DATAPAI"
[0m17:23:26.999683 [debug] [ThreadPool]: On list_DATAPAI: /* {"app": "dbt", "dbt_version": "1.8.7", "profile_name": "datapai_snowflake", "target_name": "dev", "connection_name": "list_DATAPAI"} */
show terse schemas in database DATAPAI
    limit 10000
[0m17:23:26.999928 [debug] [ThreadPool]: Opening a new connection, currently in state init
[0m17:23:27.579850 [debug] [ThreadPool]: SQL status: SUCCESS 6 in 0.579 seconds
[0m17:23:27.583759 [debug] [ThreadPool]: On list_DATAPAI: Close
[0m17:23:27.688961 [debug] [ThreadPool]: Re-using an available connection from the pool (formerly list_DATAPAI, now list_DATAPAI_STOCK)
[0m17:23:27.690159 [debug] [ThreadPool]: Acquiring new snowflake connection 'list_DATAPAI_test_audit'
[0m17:23:27.703299 [debug] [ThreadPool]: Acquiring new snowflake connection 'list_DATAPAI_ai_mart'
[0m17:23:27.706527 [debug] [ThreadPool]: Using snowflake connection "list_DATAPAI_STOCK"
[0m17:23:27.708916 [debug] [ThreadPool]: Using snowflake connection "list_DATAPAI_test_audit"
[0m17:23:27.712053 [debug] [ThreadPool]: Using snowflake connection "list_DATAPAI_ai_mart"
[0m17:23:27.712399 [debug] [ThreadPool]: On list_DATAPAI_STOCK: /* {"app": "dbt", "dbt_version": "1.8.7", "profile_name": "datapai_snowflake", "target_name": "dev", "connection_name": "list_DATAPAI_STOCK"} */
show objects in DATAPAI.STOCK limit 10000
[0m17:23:27.712684 [debug] [ThreadPool]: On list_DATAPAI_test_audit: /* {"app": "dbt", "dbt_version": "1.8.7", "profile_name": "datapai_snowflake", "target_name": "dev", "connection_name": "list_DATAPAI_test_audit"} */
show objects in DATAPAI.test_audit limit 10000
[0m17:23:27.712971 [debug] [ThreadPool]: On list_DATAPAI_ai_mart: /* {"app": "dbt", "dbt_version": "1.8.7", "profile_name": "datapai_snowflake", "target_name": "dev", "connection_name": "list_DATAPAI_ai_mart"} */
show objects in DATAPAI.ai_mart limit 10000
[0m17:23:27.713225 [debug] [ThreadPool]: Opening a new connection, currently in state closed
[0m17:23:27.713466 [debug] [ThreadPool]: Opening a new connection, currently in state init
[0m17:23:27.713706 [debug] [ThreadPool]: Opening a new connection, currently in state init
[0m17:23:27.996650 [debug] [ThreadPool]: Snowflake adapter: Snowflake query id: 01c3043f-3205-7ec3-0001-c41600b874fe
[0m17:23:27.997282 [debug] [ThreadPool]: Snowflake adapter: Snowflake error: 002043 (02000): SQL compilation error:
Object does not exist, or operation cannot be performed.
[0m17:23:27.997864 [debug] [ThreadPool]: Snowflake adapter: Error running SQL: macro list_relations_without_caching
[0m17:23:27.998275 [debug] [ThreadPool]: Snowflake adapter: Rolling back transaction.
[0m17:23:27.998773 [debug] [ThreadPool]: On list_DATAPAI_ai_mart: Close
[0m17:23:28.013861 [debug] [ThreadPool]: SQL status: SUCCESS 2 in 0.301 seconds
[0m17:23:28.015585 [debug] [ThreadPool]: On list_DATAPAI_STOCK: Close
[0m17:23:28.016192 [debug] [ThreadPool]: Snowflake adapter: Snowflake query id: 01c3043f-3205-7ec3-0001-c41600b874f6
[0m17:23:28.017657 [debug] [ThreadPool]: Snowflake adapter: Snowflake error: 002043 (02000): SQL compilation error:
Object does not exist, or operation cannot be performed.
[0m17:23:28.018219 [debug] [ThreadPool]: Snowflake adapter: Error running SQL: macro list_relations_without_caching
[0m17:23:28.019045 [debug] [ThreadPool]: Snowflake adapter: Rolling back transaction.
[0m17:23:28.019627 [debug] [ThreadPool]: On list_DATAPAI_test_audit: Close
[0m17:23:28.066826 [debug] [ThreadPool]: Re-using an available connection from the pool (formerly list_DATAPAI_ai_mart, now list_DATAPAI_audit)
[0m17:23:28.071125 [debug] [ThreadPool]: Using snowflake connection "list_DATAPAI_audit"
[0m17:23:28.071507 [debug] [ThreadPool]: On list_DATAPAI_audit: /* {"app": "dbt", "dbt_version": "1.8.7", "profile_name": "datapai_snowflake", "target_name": "dev", "connection_name": "list_DATAPAI_audit"} */
show objects in DATAPAI.audit limit 10000
[0m17:23:28.071820 [debug] [ThreadPool]: Opening a new connection, currently in state closed
[0m17:23:28.090769 [debug] [ThreadPool]: Re-using an available connection from the pool (formerly list_DATAPAI_STOCK, now list_DATAPAI_DATAPAI)
[0m17:23:28.095374 [debug] [ThreadPool]: Using snowflake connection "list_DATAPAI_DATAPAI"
[0m17:23:28.095764 [debug] [ThreadPool]: On list_DATAPAI_DATAPAI: /* {"app": "dbt", "dbt_version": "1.8.7", "profile_name": "datapai_snowflake", "target_name": "dev", "connection_name": "list_DATAPAI_DATAPAI"} */
show objects in DATAPAI.DATAPAI limit 10000
[0m17:23:28.096407 [debug] [ThreadPool]: Opening a new connection, currently in state closed
[0m17:23:28.307801 [debug] [ThreadPool]: Snowflake adapter: Snowflake query id: 01c3043f-3205-7ec3-0001-c41600b87502
[0m17:23:28.308450 [debug] [ThreadPool]: Snowflake adapter: Snowflake error: 002043 (02000): SQL compilation error:
Object does not exist, or operation cannot be performed.
[0m17:23:28.308956 [debug] [ThreadPool]: Snowflake adapter: Error running SQL: macro list_relations_without_caching
[0m17:23:28.309305 [debug] [ThreadPool]: Snowflake adapter: Rolling back transaction.
[0m17:23:28.309712 [debug] [ThreadPool]: On list_DATAPAI_audit: Close
[0m17:23:28.366903 [debug] [ThreadPool]: SQL status: SUCCESS 59 in 0.270 seconds
[0m17:23:28.371681 [debug] [ThreadPool]: On list_DATAPAI_DATAPAI: Close
[0m17:23:28.475148 [info ] [MainThread]: 
[0m17:23:28.475657 [info ] [MainThread]: Running 1 on-run-start hook
[0m17:23:28.497172 [debug] [MainThread]: Writing injected SQL for node "operation.elementary.elementary-on-run-start-0"
[0m17:23:28.500063 [info ] [MainThread]: 1 of 1 START hook: elementary.on-run-start.0 ................................... [RUN]
[0m17:23:28.500492 [info ] [MainThread]: 1 of 1 OK hook: elementary.on-run-start.0 ...................................... [[32mOK[0m in 0.00s]
[0m17:23:28.500777 [info ] [MainThread]: 
[0m17:23:28.501163 [info ] [MainThread]: Concurrency: 3 threads (target='dev')
[0m17:23:28.501429 [info ] [MainThread]: 
[0m17:23:28.502985 [debug] [Thread-1  ]: Began running node model.datapai.ohlcv_intraday
[0m17:23:28.503326 [debug] [Thread-2  ]: Began running node model.datapai.prices
[0m17:23:28.503753 [info ] [Thread-1  ]: 1 of 2 START sql table model STOCK.ohlcv_intraday .............................. [RUN]
[0m17:23:28.504157 [info ] [Thread-2  ]: 2 of 2 START sql table model STOCK.prices ...................................... [RUN]
[0m17:23:28.504521 [debug] [Thread-1  ]: Re-using an available connection from the pool (formerly list_DATAPAI_DATAPAI, now model.datapai.ohlcv_intraday)
[0m17:23:28.504848 [debug] [Thread-2  ]: Re-using an available connection from the pool (formerly list_DATAPAI_test_audit, now model.datapai.prices)
[0m17:23:28.505208 [debug] [Thread-1  ]: Began compiling node model.datapai.ohlcv_intraday
[0m17:23:28.505502 [debug] [Thread-2  ]: Began compiling node model.datapai.prices
[0m17:23:28.511422 [debug] [Thread-1  ]: Writing injected SQL for node "model.datapai.ohlcv_intraday"
[0m17:23:28.515701 [debug] [Thread-2  ]: Writing injected SQL for node "model.datapai.prices"
[0m17:23:28.516343 [debug] [Thread-1  ]: Began executing node model.datapai.ohlcv_intraday
[0m17:23:28.522947 [debug] [Thread-2  ]: Began executing node model.datapai.prices
[0m17:23:28.550017 [debug] [Thread-1  ]: Writing runtime sql for node "model.datapai.ohlcv_intraday"
[0m17:23:28.551474 [debug] [Thread-2  ]: Writing runtime sql for node "model.datapai.prices"
[0m17:23:28.552705 [debug] [Thread-2  ]: Using snowflake connection "model.datapai.prices"
[0m17:23:28.553572 [debug] [Thread-1  ]: Using snowflake connection "model.datapai.ohlcv_intraday"
[0m17:23:28.553862 [debug] [Thread-2  ]: On model.datapai.prices: /* {"app": "dbt", "dbt_version": "1.8.7", "profile_name": "datapai_snowflake", "target_name": "dev", "node_id": "model.datapai.prices"} */
create or replace transient table DATAPAI.STOCK.prices
         as
        (select * from (
              

/*
  Daily OHLCV prices — Snowflake Managed Iceberg table.

  Source:       S3 raw Parquet at s3://$S3_BUCKET_STOCK/stock/raw/prices/
  Stage:        DATAPAI.STOCK.S3_RAW_STAGE (DATAPAI_S3_INTEGRATION)
  Bronze path:  s3://$S3_BUCKET_STOCK/stock/bronze/prices/  (written by Snowflake)
  Data loader:  scripts/sync_snowflake_iceberg.py  ← partition-level DELETE+INSERT
  Full rebuild: dbt run --full-refresh --select prices

  Schema managed by dbt.  Data loaded by sync_snowflake_iceberg.py.

  Note: dbt-snowflake 1.8.x supports Iceberg only with materialized='table'.
  Incremental Iceberg is available from dbt-snowflake 1.9.x (requires Python 3.9+).
  For daily delta loads use scripts/sync_snowflake_iceberg.py --mode delta.
*/




SELECT
    $1:ticker::VARCHAR(20)    AS ticker,
    $1:trade_date::DATE       AS trade_date,
    $1:open::DOUBLE           AS open,
    $1:high::DOUBLE           AS high,
    $1:low::DOUBLE            AS low,
    $1:close::DOUBLE          AS close,
    $1:adj_close::DOUBLE      AS adj_close,
    $1:volume::BIGINT         AS volume,
    $1:exchange::VARCHAR(10)  AS exchange,
    $1:source::VARCHAR(20)    AS source
FROM @DATAPAI.STOCK.S3_RAW_STAGE/prices/
              ) order by (exchange, trade_date)
        );
[0m17:23:28.554188 [debug] [Thread-1  ]: On model.datapai.ohlcv_intraday: /* {"app": "dbt", "dbt_version": "1.8.7", "profile_name": "datapai_snowflake", "target_name": "dev", "node_id": "model.datapai.ohlcv_intraday"} */
create or replace transient table DATAPAI.STOCK.ohlcv_intraday
         as
        (select * from (
              

/*
  30-minute OHLCV intraday bars — Snowflake Managed Iceberg table.

  Source:       S3 raw Parquet at s3://$S3_BUCKET_STOCK/stock/raw/ohlcv_intraday/
  Stage:        DATAPAI.STOCK.S3_RAW_STAGE (DATAPAI_S3_INTEGRATION)
  Bronze path:  s3://$S3_BUCKET_STOCK/stock/bronze/ohlcv_intraday/  (written by Snowflake)
  Data loader:  scripts/sync_snowflake_iceberg.py  ← partition-level DELETE+INSERT
  Full rebuild: dbt run --full-refresh --select ohlcv_intraday

  Note: dbt-snowflake 1.8.x supports Iceberg only with materialized='table'.
  For daily delta loads use scripts/sync_snowflake_iceberg.py --mode delta.
*/




SELECT
    $1:ticker::VARCHAR(20)    AS ticker,
    $1:ts::TIMESTAMP_TZ       AS ts,
    $1:open::DOUBLE           AS open,
    $1:high::DOUBLE           AS high,
    $1:low::DOUBLE            AS low,
    $1:close::DOUBLE          AS close,
    $1:volume::BIGINT         AS volume,
    $1:exchange::VARCHAR(10)  AS exchange,
    $1:source::VARCHAR(20)    AS source
FROM @DATAPAI.STOCK.S3_RAW_STAGE/ohlcv_intraday/
              ) order by (exchange, ts::DATE)
        );
[0m17:23:28.554472 [debug] [Thread-2  ]: Opening a new connection, currently in state closed
[0m17:23:28.554712 [debug] [Thread-1  ]: Opening a new connection, currently in state closed
[0m17:23:29.540843 [debug] [Thread-1  ]: SQL status: SUCCESS 1 in 0.986 seconds
[0m17:23:29.542015 [debug] [Thread-1  ]: Using snowflake connection "model.datapai.ohlcv_intraday"
[0m17:23:29.542801 [debug] [Thread-1  ]: On model.datapai.ohlcv_intraday: /* {"app": "dbt", "dbt_version": "1.8.7", "profile_name": "datapai_snowflake", "target_name": "dev", "node_id": "model.datapai.ohlcv_intraday"} */
alter table DATAPAI.STOCK.ohlcv_intraday cluster by (exchange, ts::DATE);
[0m17:23:29.670444 [debug] [Thread-1  ]: SQL status: SUCCESS 1 in 0.127 seconds
[0m17:23:29.696013 [debug] [Thread-1  ]: On model.datapai.ohlcv_intraday: Close
[0m17:23:29.766844 [info ] [Thread-1  ]: 1 of 2 OK created sql table model STOCK.ohlcv_intraday ......................... [[32mSUCCESS 1[0m in 1.26s]
[0m17:23:29.767653 [debug] [Thread-1  ]: Finished running node model.datapai.ohlcv_intraday
[0m17:23:40.291325 [debug] [Thread-2  ]: SQL status: SUCCESS 1 in 11.737 seconds
[0m17:23:40.292151 [debug] [Thread-2  ]: Using snowflake connection "model.datapai.prices"
[0m17:23:40.292647 [debug] [Thread-2  ]: On model.datapai.prices: /* {"app": "dbt", "dbt_version": "1.8.7", "profile_name": "datapai_snowflake", "target_name": "dev", "node_id": "model.datapai.prices"} */
alter table DATAPAI.STOCK.prices cluster by (exchange, trade_date);
[0m17:23:40.496187 [debug] [Thread-2  ]: SQL status: SUCCESS 1 in 0.203 seconds
[0m17:23:40.499887 [debug] [Thread-2  ]: On model.datapai.prices: Close
[0m17:23:40.580973 [info ] [Thread-2  ]: 2 of 2 OK created sql table model STOCK.prices ................................. [[32mSUCCESS 1[0m in 12.08s]
[0m17:23:40.582144 [debug] [Thread-2  ]: Finished running node model.datapai.prices
[0m17:23:40.584173 [info ] [MainThread]: 
[0m17:23:40.584857 [info ] [MainThread]: Running 1 on-run-end hook
[0m17:23:40.617209 [debug] [MainThread]: Elementary: Uploading dbt artifacts.
[0m17:23:40.636812 [debug] [MainThread]: Writing injected SQL for node "operation.elementary.elementary-on-run-end-0"
[0m17:23:40.637540 [info ] [MainThread]: 1 of 1 START hook: elementary.on-run-end.0 ..................................... [RUN]
[0m17:23:40.637938 [info ] [MainThread]: 1 of 1 OK hook: elementary.on-run-end.0 ........................................ [[32mOK[0m in 0.00s]
[0m17:23:40.638224 [info ] [MainThread]: 
[0m17:23:40.638587 [debug] [MainThread]: Connection 'master' was properly closed.
[0m17:23:40.638836 [debug] [MainThread]: Connection 'model.datapai.ohlcv_intraday' was properly closed.
[0m17:23:40.639083 [debug] [MainThread]: Connection 'model.datapai.prices' was properly closed.
[0m17:23:40.639311 [debug] [MainThread]: Connection 'list_DATAPAI_audit' was properly closed.
[0m17:23:40.639640 [info ] [MainThread]: 
[0m17:23:40.639915 [info ] [MainThread]: Finished running 2 table models, 2 project hooks in 0 hours 0 minutes and 13.69 seconds (13.69s).
[0m17:23:40.640522 [debug] [MainThread]: Command end result
[0m17:23:40.771338 [info ] [MainThread]: 
[0m17:23:40.771747 [info ] [MainThread]: [32mCompleted successfully[0m
[0m17:23:40.772000 [info ] [MainThread]: 
[0m17:23:40.772282 [info ] [MainThread]: Done. PASS=2 WARN=0 ERROR=0 SKIP=0 TOTAL=2
[0m17:23:40.773986 [debug] [MainThread]: Resource report: {"command_name": "run", "command_success": true, "command_wall_clock_time": 15.031022, "process_user_time": 2.460888, "process_kernel_time": 0.245652, "process_mem_max_rss": "161939456", "process_in_blocks": "0", "process_out_blocks": "0"}
[0m17:23:40.774342 [debug] [MainThread]: Command `dbt run` succeeded at 17:23:40.774281 after 15.03 seconds
[0m17:23:40.774615 [debug] [MainThread]: Flushing usage events


============================== 17:31:41.557859 | 1d115454-ccc7-4903-a6cb-3fe79e994270 ==============================
[0m17:31:41.557859 [info ] [MainThread]: Running with dbt=1.11.0-b3
[0m17:31:41.560341 [debug] [MainThread]: running dbt with arguments {'introspect': 'True', 'target_path': 'None', 'profiles_dir': '/Users/linlin/git/dbt-demo', 'invocation_command': 'dbt run --profiles-dir /Users/linlin/git/dbt-demo --project-dir /Users/linlin/git/dbt-demo --select stock.* --full-refresh', 'log_path': '/Users/linlin/git/dbt-demo/logs', 'static_parser': 'True', 'warn_error_options': 'WarnErrorOptionsV2(error=[], warn=[], silence=[])', 'send_anonymous_usage_stats': 'False', 'write_json': 'True', 'indirect_selection': 'eager', 'no_print': 'None', 'quiet': 'False', 'log_format': 'default', 'fail_fast': 'False', 'cache_selected_only': 'False', 'use_experimental_parser': 'False', 'warn_error': 'None', 'empty': 'False', 'log_cache_events': 'False', 'debug': 'False', 'partial_parse': 'True', 'printer_width': '80', 'use_colors': 'True', 'version_check': 'True'}
[0m17:31:41.560555 [warn ] [MainThread]: [[33mWARNING[0m]: Deprecated functionality

User config should be moved from the 'config' key in profiles.yml to the 'flags' key in dbt_project.yml.
[0m17:31:42.705661 [info ] [MainThread]: Registered adapter: snowflake=1.10.2
[0m17:31:42.777071 [debug] [MainThread]: checksum: e63134dccc1251cfb572caf0e4aa952f030c125ee3634f3bf2c0a2e1bb6ae349, vars: {}, profile: , target: , version: 1.11.0b3
[0m17:31:42.916689 [info ] [MainThread]: Unable to do partial parsing because of a version mismatch
[0m17:31:44.841003 [warn ] [MainThread]: [[33mWARNING[0m][MissingArgumentsPropertyInGenericTestDeprecation]: Deprecated
functionality
Found top-level arguments to test `relationships` defined on 'orders' in package
'datapai' (models/full-jaffle-shop/schema.yml). Arguments to generic tests
should be nested under the `arguments` property.
[0m17:31:45.344907 [warn ] [MainThread]: [[33mWARNING[0m]: Configuration paths exist in your dbt_project.yml file which do not apply to any resources.
There are 8 unused configuration paths:
- models.intermediate
- models.obt
- models.staging
- models.ai_mart
- models.reporting
- seeds.marketing
- seeds.ai_mart
- seeds.finance
[0m17:31:45.526890 [debug] [MainThread]: Wrote artifact WritableManifest to /Users/linlin/git/dbt-demo/target/manifest.json
[0m17:31:45.528824 [debug] [MainThread]: Wrote artifact SemanticManifest to /Users/linlin/git/dbt-demo/target/semantic_manifest.json
[0m17:31:45.548123 [info ] [MainThread]: Found 68 models, 1 analysis, 21 seeds, 2 operations, 165 data tests, 19 sources, 11 exposures, 1444 macros
[0m17:31:45.550179 [info ] [MainThread]: 
[0m17:31:45.550455 [info ] [MainThread]: Concurrency: 3 threads (target='dev')
[0m17:31:45.550624 [info ] [MainThread]: 
[0m17:31:45.550948 [debug] [MainThread]: Acquiring new snowflake connection 'master'
[0m17:31:45.552655 [debug] [ThreadPool]: Acquiring new snowflake connection 'list_DATAPAI'
[0m17:31:45.577165 [debug] [ThreadPool]: Using snowflake connection "list_DATAPAI"
[0m17:31:45.577403 [debug] [ThreadPool]: On list_DATAPAI: show terse schemas in database DATAPAI
    limit 10000
/* {"app": "dbt", "dbt_version": "1.11.0b3", "profile_name": "datapai_snowflake", "target_name": "dev", "connection_name": "list_DATAPAI"} */
[0m17:31:45.577548 [debug] [ThreadPool]: Opening a new connection, currently in state init
[0m17:31:48.296508 [debug] [ThreadPool]: SQL status: SUCCESS 6 in 2.719 seconds
[0m17:31:48.298048 [debug] [ThreadPool]: On list_DATAPAI: Close
[0m17:31:48.389108 [debug] [ThreadPool]: Re-using an available connection from the pool (formerly list_DATAPAI, now list_DATAPAI_DATAPAI)
[0m17:31:48.390080 [debug] [ThreadPool]: Acquiring new snowflake connection 'list_DATAPAI_STOCK'
[0m17:31:48.390528 [debug] [ThreadPool]: Acquiring new snowflake connection 'list_DATAPAI_test_audit'
[0m17:31:48.404662 [debug] [ThreadPool]: Using snowflake connection "list_DATAPAI_DATAPAI"
[0m17:31:48.406872 [debug] [ThreadPool]: Using snowflake connection "list_DATAPAI_STOCK"
[0m17:31:48.410083 [debug] [ThreadPool]: Using snowflake connection "list_DATAPAI_test_audit"
[0m17:31:48.410353 [debug] [ThreadPool]: On list_DATAPAI_DATAPAI: show objects in DATAPAI.DATAPAI
    limit 10000
    

/* {"app": "dbt", "dbt_version": "1.11.0b3", "profile_name": "datapai_snowflake", "target_name": "dev", "connection_name": "list_DATAPAI_DATAPAI"} */;
[0m17:31:48.410574 [debug] [ThreadPool]: On list_DATAPAI_STOCK: show objects in DATAPAI.STOCK
    limit 10000
    

/* {"app": "dbt", "dbt_version": "1.11.0b3", "profile_name": "datapai_snowflake", "target_name": "dev", "connection_name": "list_DATAPAI_STOCK"} */;
[0m17:31:48.410777 [debug] [ThreadPool]: On list_DATAPAI_test_audit: show objects in DATAPAI.test_audit
    limit 10000
    

/* {"app": "dbt", "dbt_version": "1.11.0b3", "profile_name": "datapai_snowflake", "target_name": "dev", "connection_name": "list_DATAPAI_test_audit"} */;
[0m17:31:48.410973 [debug] [ThreadPool]: Opening a new connection, currently in state closed
[0m17:31:48.411161 [debug] [ThreadPool]: Opening a new connection, currently in state init
[0m17:31:48.411344 [debug] [ThreadPool]: Opening a new connection, currently in state init
[0m17:31:48.719692 [debug] [ThreadPool]: SQL status: SUCCESS 2 in 0.308 seconds
[0m17:31:48.721343 [debug] [ThreadPool]: On list_DATAPAI_STOCK: Close
[0m17:31:48.732206 [debug] [ThreadPool]: Snowflake adapter: Snowflake query id: 01c30447-3205-7ec3-0001-c41600b8756e
[0m17:31:48.733279 [debug] [ThreadPool]: Snowflake adapter: Snowflake error: 002043 (02000): SQL compilation error:
Object does not exist, or operation cannot be performed.
[0m17:31:48.733663 [debug] [ThreadPool]: Snowflake adapter: Error running SQL: macro list_relations_without_caching
[0m17:31:48.733900 [debug] [ThreadPool]: Snowflake adapter: Rolling back transaction.
[0m17:31:48.734170 [debug] [ThreadPool]: On list_DATAPAI_test_audit: Close
[0m17:31:48.735081 [debug] [ThreadPool]: SQL status: SUCCESS 59 in 0.324 seconds
[0m17:31:48.739182 [debug] [ThreadPool]: On list_DATAPAI_DATAPAI: Close
[0m17:31:48.802399 [debug] [ThreadPool]: Re-using an available connection from the pool (formerly list_DATAPAI_STOCK, now list_DATAPAI_ai_mart)
[0m17:31:48.805926 [debug] [ThreadPool]: Using snowflake connection "list_DATAPAI_ai_mart"
[0m17:31:48.806442 [debug] [ThreadPool]: On list_DATAPAI_ai_mart: show objects in DATAPAI.ai_mart
    limit 10000
    

/* {"app": "dbt", "dbt_version": "1.11.0b3", "profile_name": "datapai_snowflake", "target_name": "dev", "connection_name": "list_DATAPAI_ai_mart"} */;
[0m17:31:48.807013 [debug] [ThreadPool]: Opening a new connection, currently in state closed
[0m17:31:48.809378 [debug] [ThreadPool]: Re-using an available connection from the pool (formerly list_DATAPAI_test_audit, now list_DATAPAI_audit)
[0m17:31:48.813282 [debug] [ThreadPool]: Using snowflake connection "list_DATAPAI_audit"
[0m17:31:48.819686 [debug] [ThreadPool]: On list_DATAPAI_audit: show objects in DATAPAI.audit
    limit 10000
    

/* {"app": "dbt", "dbt_version": "1.11.0b3", "profile_name": "datapai_snowflake", "target_name": "dev", "connection_name": "list_DATAPAI_audit"} */;
[0m17:31:48.819997 [debug] [ThreadPool]: Opening a new connection, currently in state closed
[0m17:31:49.435806 [debug] [ThreadPool]: Snowflake adapter: Snowflake query id: 01c30447-3205-7ec3-0001-c41600b87576
[0m17:31:49.436450 [debug] [ThreadPool]: Snowflake adapter: Snowflake error: 002043 (02000): SQL compilation error:
Object does not exist, or operation cannot be performed.
[0m17:31:49.436930 [debug] [ThreadPool]: Snowflake adapter: Error running SQL: macro list_relations_without_caching
[0m17:31:49.437167 [debug] [ThreadPool]: Snowflake adapter: Rolling back transaction.
[0m17:31:49.437448 [debug] [ThreadPool]: On list_DATAPAI_ai_mart: Close
[0m17:31:49.446354 [debug] [ThreadPool]: Snowflake adapter: Snowflake query id: 01c30447-3205-7ec3-0001-c41600b8757a
[0m17:31:49.446942 [debug] [ThreadPool]: Snowflake adapter: Snowflake error: 002043 (02000): SQL compilation error:
Object does not exist, or operation cannot be performed.
[0m17:31:49.447289 [debug] [ThreadPool]: Snowflake adapter: Error running SQL: macro list_relations_without_caching
[0m17:31:49.447494 [debug] [ThreadPool]: Snowflake adapter: Rolling back transaction.
[0m17:31:49.447736 [debug] [ThreadPool]: On list_DATAPAI_audit: Close
[0m17:31:49.525364 [debug] [MainThread]: Writing injected SQL for node "operation.elementary.elementary-on-run-start-0"
[0m17:31:49.528489 [info ] [MainThread]: 1 of 1 START hook: elementary.on-run-start.0 ................................... [RUN]
[0m17:31:49.528857 [info ] [MainThread]: 1 of 1 OK hook: elementary.on-run-start.0 ...................................... [[32mOK[0m in 0.01s]
[0m17:31:49.529086 [info ] [MainThread]: 
[0m17:31:49.531213 [debug] [Thread-1  ]: Began running node model.datapai.ohlcv_intraday
[0m17:31:49.531498 [debug] [Thread-2  ]: Began running node model.datapai.prices
[0m17:31:49.531829 [info ] [Thread-1  ]: 1 of 2 START sql table model STOCK.ohlcv_intraday .............................. [RUN]
[0m17:31:49.532148 [info ] [Thread-2  ]: 2 of 2 START sql table model STOCK.prices ...................................... [RUN]
[0m17:31:49.532434 [debug] [Thread-1  ]: Re-using an available connection from the pool (formerly list_DATAPAI_DATAPAI, now model.datapai.ohlcv_intraday)
[0m17:31:49.532686 [debug] [Thread-2  ]: Re-using an available connection from the pool (formerly list_DATAPAI_ai_mart, now model.datapai.prices)
[0m17:31:49.532918 [debug] [Thread-1  ]: Began compiling node model.datapai.ohlcv_intraday
[0m17:31:49.533134 [debug] [Thread-2  ]: Began compiling node model.datapai.prices
[0m17:31:49.537695 [debug] [Thread-1  ]: Writing injected SQL for node "model.datapai.ohlcv_intraday"
[0m17:31:49.541564 [debug] [Thread-2  ]: Writing injected SQL for node "model.datapai.prices"
[0m17:31:49.542087 [debug] [Thread-2  ]: Began executing node model.datapai.prices
[0m17:31:49.542314 [debug] [Thread-1  ]: Began executing node model.datapai.ohlcv_intraday
[0m17:31:49.552630 [debug] [Thread-2  ]:  adapter: Dropping relation "DATAPAI"."STOCK"."PRICES" because it is a default format table and target relation DATAPAI.STOCK.prices is an Iceberg format table.
[0m17:31:49.555014 [debug] [Thread-1  ]:  adapter: Dropping relation "DATAPAI"."STOCK"."OHLCV_INTRADAY" because it is a default format table and target relation DATAPAI.STOCK.ohlcv_intraday is an Iceberg format table.
[0m17:31:49.559506 [debug] [Thread-2  ]: Applying DROP to: "DATAPAI"."STOCK"."PRICES"
[0m17:31:49.562390 [debug] [Thread-1  ]: Applying DROP to: "DATAPAI"."STOCK"."OHLCV_INTRADAY"
[0m17:31:49.565158 [debug] [Thread-2  ]: Using snowflake connection "model.datapai.prices"
[0m17:31:49.565530 [debug] [Thread-1  ]: Using snowflake connection "model.datapai.ohlcv_intraday"
[0m17:31:49.565731 [debug] [Thread-2  ]: On model.datapai.prices: drop table if exists "DATAPAI"."STOCK"."PRICES" cascade
/* {"app": "dbt", "dbt_version": "1.11.0b3", "profile_name": "datapai_snowflake", "target_name": "dev", "node_id": "model.datapai.prices"} */
[0m17:31:49.565919 [debug] [Thread-1  ]: On model.datapai.ohlcv_intraday: drop table if exists "DATAPAI"."STOCK"."OHLCV_INTRADAY" cascade
/* {"app": "dbt", "dbt_version": "1.11.0b3", "profile_name": "datapai_snowflake", "target_name": "dev", "node_id": "model.datapai.ohlcv_intraday"} */
[0m17:31:49.566122 [debug] [Thread-2  ]: Opening a new connection, currently in state closed
[0m17:31:49.566299 [debug] [Thread-1  ]: Opening a new connection, currently in state closed
[0m17:31:50.595659 [debug] [Thread-2  ]: SQL status: SUCCESS 1 in 1.029 seconds
[0m17:31:50.597364 [debug] [Thread-1  ]: SQL status: SUCCESS 1 in 1.031 seconds
[0m17:31:50.616135 [debug] [Thread-2  ]: Writing runtime sql for node "model.datapai.prices"
[0m17:31:50.617323 [debug] [Thread-1  ]: Writing runtime sql for node "model.datapai.ohlcv_intraday"
[0m17:31:50.618870 [debug] [Thread-2  ]: Using snowflake connection "model.datapai.prices"
[0m17:31:50.619939 [debug] [Thread-1  ]: Using snowflake connection "model.datapai.ohlcv_intraday"
[0m17:31:50.620274 [debug] [Thread-2  ]: On model.datapai.prices: create or replace iceberg table DATAPAI.STOCK.prices
    external_volume = 'DATAPAI_S3_VOL'

    catalog = 'SNOWFLAKE'  -- required, and always SNOWFLAKE for built-in Iceberg tables
    base_location = 'prices/STOCK/prices'
    

    

    

    

    
    
    
as (select * from (
        

/*
  Daily OHLCV prices — Snowflake Managed Iceberg table.

  Source:       S3 raw Parquet at s3://$S3_BUCKET_STOCK/stock/raw/prices/
  Stage:        DATAPAI.STOCK.S3_RAW_STAGE (DATAPAI_S3_INTEGRATION)
  Bronze path:  s3://$S3_BUCKET_STOCK/stock/bronze/prices/STOCK/prices/  (written by Snowflake)
  Data loader:  scripts/sync_snowflake_iceberg.py  ← partition-level DELETE+INSERT
  Full rebuild: dbt run --full-refresh --select prices

  Schema managed by dbt.  Data loaded by sync_snowflake_iceberg.py.

  Note: requires dbt-snowflake>=1.9 (Python 3.9+) for Managed Iceberg table_format config.
  For daily delta loads use scripts/sync_snowflake_iceberg.py --mode delta.
*/




SELECT
    $1:ticker::VARCHAR(20)    AS ticker,
    $1:trade_date::DATE       AS trade_date,
    $1:open::DOUBLE           AS open,
    $1:high::DOUBLE           AS high,
    $1:low::DOUBLE            AS low,
    $1:close::DOUBLE          AS close,
    $1:adj_close::DOUBLE      AS adj_close,
    $1:volume::BIGINT         AS volume,
    $1:exchange::VARCHAR(10)  AS exchange,
    $1:source::VARCHAR(20)    AS source
FROM @DATAPAI.STOCK.S3_RAW_STAGE/prices/
    )
    order by (
        exchange, trade_date
    )
    )

/* {"app": "dbt", "dbt_version": "1.11.0b3", "profile_name": "datapai_snowflake", "target_name": "dev", "node_id": "model.datapai.prices"} */;
[0m17:31:50.620647 [debug] [Thread-1  ]: On model.datapai.ohlcv_intraday: create or replace iceberg table DATAPAI.STOCK.ohlcv_intraday
    external_volume = 'DATAPAI_S3_VOL'

    catalog = 'SNOWFLAKE'  -- required, and always SNOWFLAKE for built-in Iceberg tables
    base_location = 'ohlcv_intraday/STOCK/ohlcv_intraday'
    

    

    

    

    
    
    
as (select * from (
        

/*
  30-minute OHLCV intraday bars — Snowflake Managed Iceberg table.

  Source:       S3 raw Parquet at s3://$S3_BUCKET_STOCK/stock/raw/ohlcv_intraday/
  Stage:        DATAPAI.STOCK.S3_RAW_STAGE (DATAPAI_S3_INTEGRATION)
  Bronze path:  s3://$S3_BUCKET_STOCK/stock/bronze/ohlcv_intraday/STOCK/ohlcv_intraday/  (written by Snowflake)
  Data loader:  scripts/sync_snowflake_iceberg.py  ← partition-level DELETE+INSERT
  Full rebuild: dbt run --full-refresh --select ohlcv_intraday

  Note: requires dbt-snowflake>=1.9 (Python 3.9+) for Managed Iceberg table_format config.
  For daily delta loads use scripts/sync_snowflake_iceberg.py --mode delta.
*/




SELECT
    $1:ticker::VARCHAR(20)    AS ticker,
    $1:ts::TIMESTAMP_TZ       AS ts,
    $1:open::DOUBLE           AS open,
    $1:high::DOUBLE           AS high,
    $1:low::DOUBLE            AS low,
    $1:close::DOUBLE          AS close,
    $1:volume::BIGINT         AS volume,
    $1:exchange::VARCHAR(10)  AS exchange,
    $1:source::VARCHAR(20)    AS source
FROM @DATAPAI.STOCK.S3_RAW_STAGE/ohlcv_intraday/
    )
    order by (
        exchange, ts::DATE
    )
    )

/* {"app": "dbt", "dbt_version": "1.11.0b3", "profile_name": "datapai_snowflake", "target_name": "dev", "node_id": "model.datapai.ohlcv_intraday"} */;
[0m17:31:50.836497 [debug] [Thread-1  ]: Snowflake adapter: Snowflake query id: 01c30447-3205-7ec3-0001-c41600b8758a
[0m17:31:50.836925 [debug] [Thread-1  ]: Snowflake adapter: Snowflake error: 091385 (42601): SQL Compilation error:
Invalid time type scale specified for column 'TS' with data type 'TIMESTAMP_TZ(9)'. Please consult the Snowflake documentation for supported scales of TIME and TIMESTAMP types in Iceberg tables.
[0m17:31:50.837329 [debug] [Thread-1  ]: On model.datapai.ohlcv_intraday: Close
[0m17:31:50.922166 [debug] [Thread-1  ]: Database Error in model ohlcv_intraday (models/stock/ohlcv_intraday.sql)
  091385 (42601): SQL Compilation error:
  Invalid time type scale specified for column 'TS' with data type 'TIMESTAMP_TZ(9)'. Please consult the Snowflake documentation for supported scales of TIME and TIMESTAMP types in Iceberg tables.
  compiled code at target/run/datapai/models/stock/ohlcv_intraday.sql
[0m17:31:50.923748 [error] [Thread-1  ]: 1 of 2 ERROR creating sql table model STOCK.ohlcv_intraday ..................... [[31mERROR[0m in 1.39s]
[0m17:31:50.924158 [debug] [Thread-1  ]: Finished running node model.datapai.ohlcv_intraday
[0m17:31:50.924493 [debug] [Thread-6  ]: Marking all children of 'model.datapai.ohlcv_intraday' to be skipped because of status 'error'.  Reason: Database Error in model ohlcv_intraday (models/stock/ohlcv_intraday.sql)
  091385 (42601): SQL Compilation error:
  Invalid time type scale specified for column 'TS' with data type 'TIMESTAMP_TZ(9)'. Please consult the Snowflake documentation for supported scales of TIME and TIMESTAMP types in Iceberg tables.
  compiled code at target/run/datapai/models/stock/ohlcv_intraday.sql.
[0m17:32:07.532608 [debug] [Thread-2  ]: SQL status: SUCCESS 1 in 16.911 seconds
[0m17:32:07.533301 [debug] [Thread-2  ]: Using snowflake connection "model.datapai.prices"
[0m17:32:07.533635 [debug] [Thread-2  ]: On model.datapai.prices: alter iceberg table DATAPAI.STOCK.prices cluster by (exchange, trade_date)
/* {"app": "dbt", "dbt_version": "1.11.0b3", "profile_name": "datapai_snowflake", "target_name": "dev", "node_id": "model.datapai.prices"} */;
[0m17:32:07.917143 [debug] [Thread-2  ]: SQL status: SUCCESS 1 in 0.383 seconds
[0m17:32:07.932113 [debug] [Thread-2  ]: On model.datapai.prices: Close
[0m17:32:08.074827 [info ] [Thread-2  ]: 2 of 2 OK created sql table model STOCK.prices ................................. [[32mSUCCESS 1[0m in 18.54s]
[0m17:32:08.075438 [debug] [Thread-2  ]: Finished running node model.datapai.prices
[0m17:32:08.076481 [info ] [MainThread]: 
[0m17:32:08.090300 [debug] [MainThread]: Elementary: Uploading dbt artifacts.
[0m17:32:08.103114 [debug] [MainThread]: Writing injected SQL for node "operation.elementary.elementary-on-run-end-0"
[0m17:32:08.106022 [info ] [MainThread]: 1 of 1 START hook: elementary.on-run-end.0 ..................................... [RUN]
[0m17:32:08.106323 [info ] [MainThread]: 1 of 1 OK hook: elementary.on-run-end.0 ........................................ [[32mOK[0m in 0.03s]
[0m17:32:08.106602 [debug] [MainThread]: Connection 'master' was properly closed.
[0m17:32:08.106808 [debug] [MainThread]: Connection 'model.datapai.ohlcv_intraday' was properly closed.
[0m17:32:08.106973 [debug] [MainThread]: Connection 'model.datapai.prices' was properly closed.
[0m17:32:08.109680 [debug] [MainThread]: Connection 'list_DATAPAI_audit' was properly closed.
[0m17:32:08.113701 [info ] [MainThread]: 
[0m17:32:08.113965 [info ] [MainThread]: Finished running 2 project hooks, 2 table models in 0 hours 0 minutes and 22.56 seconds (22.56s).
[0m17:32:08.118041 [debug] [MainThread]: Command end result
[0m17:32:08.239995 [debug] [MainThread]: Wrote artifact WritableManifest to /Users/linlin/git/dbt-demo/target/manifest.json
[0m17:32:08.241403 [debug] [MainThread]: Wrote artifact SemanticManifest to /Users/linlin/git/dbt-demo/target/semantic_manifest.json
[0m17:32:08.244337 [debug] [MainThread]: Wrote artifact RunExecutionResult to /Users/linlin/git/dbt-demo/target/run_results.json
[0m17:32:08.244493 [info ] [MainThread]: 
[0m17:32:08.244682 [info ] [MainThread]: [31mCompleted with 1 error, 0 partial successes, and 0 warnings:[0m
[0m17:32:08.244855 [info ] [MainThread]: 
[0m17:32:08.245036 [error] [MainThread]: [31mFailure in model ohlcv_intraday (models/stock/ohlcv_intraday.sql)[0m
[0m17:32:08.245210 [error] [MainThread]:   Database Error in model ohlcv_intraday (models/stock/ohlcv_intraday.sql)
  091385 (42601): SQL Compilation error:
  Invalid time type scale specified for column 'TS' with data type 'TIMESTAMP_TZ(9)'. Please consult the Snowflake documentation for supported scales of TIME and TIMESTAMP types in Iceberg tables.
  compiled code at target/run/datapai/models/stock/ohlcv_intraday.sql
[0m17:32:08.245349 [info ] [MainThread]: 
[0m17:32:08.245505 [info ] [MainThread]:   compiled code at target/compiled/datapai/models/stock/ohlcv_intraday.sql
[0m17:32:08.245642 [info ] [MainThread]: 
[0m17:32:08.245794 [info ] [MainThread]: Done. PASS=3 WARN=0 ERROR=1 SKIP=0 NO-OP=0 TOTAL=4
[0m17:32:08.246061 [warn ] [MainThread]: [[33mWARNING[0m][DeprecationsSummary]: Deprecated functionality
Summary of encountered deprecations:
- ProjectFlagsMovedDeprecation: 1 occurrence
- MissingArgumentsPropertyInGenericTestDeprecation: 23 occurrences
To see all deprecation instances instead of just the first occurrence of each,
run command again with the `--show-all-deprecations` flag. You may also need to
run with `--no-partial-parse` as some deprecations are only encountered during
parsing.
[0m17:32:08.247504 [debug] [MainThread]: Resource report: {"command_name": "run", "command_success": false, "command_wall_clock_time": 26.72582, "process_in_blocks": "0", "process_kernel_time": 0.34429, "process_mem_max_rss": "202588160", "process_out_blocks": "0", "process_user_time": 4.431134}
[0m17:32:08.247715 [debug] [MainThread]: Command `dbt run` failed at 17:32:08.247680 after 26.73 seconds
[0m17:32:08.247889 [debug] [MainThread]: Flushing usage events


============================== 17:32:24.002164 | 4539638a-6626-46df-9e52-09e081a34138 ==============================
[0m17:32:24.002164 [info ] [MainThread]: Running with dbt=1.11.0-b3
[0m17:32:24.004193 [debug] [MainThread]: running dbt with arguments {'cache_selected_only': 'False', 'version_check': 'True', 'log_path': '/Users/linlin/git/dbt-demo/logs', 'target_path': 'None', 'debug': 'False', 'use_colors': 'True', 'send_anonymous_usage_stats': 'False', 'no_print': 'None', 'warn_error_options': 'WarnErrorOptionsV2(error=[], warn=[], silence=[])', 'quiet': 'False', 'warn_error': 'None', 'empty': 'False', 'printer_width': '80', 'introspect': 'True', 'log_cache_events': 'False', 'profiles_dir': '/Users/linlin/git/dbt-demo', 'partial_parse': 'True', 'log_format': 'default', 'use_experimental_parser': 'False', 'static_parser': 'True', 'write_json': 'True', 'invocation_command': 'dbt run --profiles-dir /Users/linlin/git/dbt-demo --project-dir /Users/linlin/git/dbt-demo --select stock.* --full-refresh', 'indirect_selection': 'eager', 'fail_fast': 'False'}
[0m17:32:24.004406 [warn ] [MainThread]: [[33mWARNING[0m]: Deprecated functionality

User config should be moved from the 'config' key in profiles.yml to the 'flags' key in dbt_project.yml.
[0m17:32:24.226439 [info ] [MainThread]: Registered adapter: snowflake=1.10.2
[0m17:32:24.293541 [debug] [MainThread]: checksum: e63134dccc1251cfb572caf0e4aa952f030c125ee3634f3bf2c0a2e1bb6ae349, vars: {}, profile: , target: , version: 1.11.0b3
[0m17:32:24.477878 [debug] [MainThread]: Partial parsing enabled: 0 files deleted, 0 files added, 1 files changed.
[0m17:32:24.478919 [debug] [MainThread]: Partial parsing: updated file: datapai://models/stock/ohlcv_intraday.sql
[0m17:32:24.636741 [warn ] [MainThread]: [[33mWARNING[0m][MissingArgumentsPropertyInGenericTestDeprecation]: Deprecated
functionality
Found top-level arguments to test `accepted_values` defined on 'ohlcv_intraday'
in package 'datapai' (models/stock/schema.yml). Arguments to generic tests
should be nested under the `arguments` property.
[0m17:32:24.715484 [warn ] [MainThread]: [[33mWARNING[0m]: Configuration paths exist in your dbt_project.yml file which do not apply to any resources.
There are 8 unused configuration paths:
- models.intermediate
- models.obt
- models.staging
- models.ai_mart
- models.reporting
- seeds.marketing
- seeds.ai_mart
- seeds.finance
[0m17:32:24.903941 [debug] [MainThread]: Wrote artifact WritableManifest to /Users/linlin/git/dbt-demo/target/manifest.json
[0m17:32:24.905443 [debug] [MainThread]: Wrote artifact SemanticManifest to /Users/linlin/git/dbt-demo/target/semantic_manifest.json
[0m17:32:24.924293 [info ] [MainThread]: Found 68 models, 1 analysis, 21 seeds, 2 operations, 165 data tests, 19 sources, 11 exposures, 1444 macros
[0m17:32:24.926212 [info ] [MainThread]: 
[0m17:32:24.926414 [info ] [MainThread]: Concurrency: 3 threads (target='dev')
[0m17:32:24.926572 [info ] [MainThread]: 
[0m17:32:24.926845 [debug] [MainThread]: Acquiring new snowflake connection 'master'
[0m17:32:24.929257 [debug] [ThreadPool]: Acquiring new snowflake connection 'list_DATAPAI'
[0m17:32:24.987393 [debug] [ThreadPool]: Using snowflake connection "list_DATAPAI"
[0m17:32:24.987642 [debug] [ThreadPool]: On list_DATAPAI: show terse schemas in database DATAPAI
    limit 10000
/* {"app": "dbt", "dbt_version": "1.11.0b3", "profile_name": "datapai_snowflake", "target_name": "dev", "connection_name": "list_DATAPAI"} */
[0m17:32:24.987804 [debug] [ThreadPool]: Opening a new connection, currently in state init
[0m17:32:27.918253 [debug] [ThreadPool]: SQL status: SUCCESS 6 in 2.930 seconds
[0m17:32:27.919738 [debug] [ThreadPool]: On list_DATAPAI: Close
[0m17:32:28.061518 [debug] [ThreadPool]: Re-using an available connection from the pool (formerly list_DATAPAI, now list_DATAPAI_STOCK)
[0m17:32:28.061987 [debug] [ThreadPool]: Acquiring new snowflake connection 'list_DATAPAI_ai_mart'
[0m17:32:28.062629 [debug] [ThreadPool]: Acquiring new snowflake connection 'list_DATAPAI_test_audit'
[0m17:32:28.078291 [debug] [ThreadPool]: Using snowflake connection "list_DATAPAI_STOCK"
[0m17:32:28.079140 [debug] [ThreadPool]: Using snowflake connection "list_DATAPAI_ai_mart"
[0m17:32:28.081655 [debug] [ThreadPool]: Using snowflake connection "list_DATAPAI_test_audit"
[0m17:32:28.081908 [debug] [ThreadPool]: On list_DATAPAI_STOCK: show objects in DATAPAI.STOCK
    limit 10000
    

/* {"app": "dbt", "dbt_version": "1.11.0b3", "profile_name": "datapai_snowflake", "target_name": "dev", "connection_name": "list_DATAPAI_STOCK"} */;
[0m17:32:28.082093 [debug] [ThreadPool]: On list_DATAPAI_ai_mart: show objects in DATAPAI.ai_mart
    limit 10000
    

/* {"app": "dbt", "dbt_version": "1.11.0b3", "profile_name": "datapai_snowflake", "target_name": "dev", "connection_name": "list_DATAPAI_ai_mart"} */;
[0m17:32:28.082269 [debug] [ThreadPool]: On list_DATAPAI_test_audit: show objects in DATAPAI.test_audit
    limit 10000
    

/* {"app": "dbt", "dbt_version": "1.11.0b3", "profile_name": "datapai_snowflake", "target_name": "dev", "connection_name": "list_DATAPAI_test_audit"} */;
[0m17:32:28.082439 [debug] [ThreadPool]: Opening a new connection, currently in state closed
[0m17:32:28.082610 [debug] [ThreadPool]: Opening a new connection, currently in state init
[0m17:32:28.082772 [debug] [ThreadPool]: Opening a new connection, currently in state init
[0m17:32:30.452857 [debug] [ThreadPool]: Snowflake adapter: Snowflake query id: 01c30448-3205-7ec3-0001-c41600b875b6
[0m17:32:30.453469 [debug] [ThreadPool]: Snowflake adapter: Snowflake error: 002043 (02000): SQL compilation error:
Object does not exist, or operation cannot be performed.
[0m17:32:30.453932 [debug] [ThreadPool]: Snowflake adapter: Error running SQL: macro list_relations_without_caching
[0m17:32:30.454152 [debug] [ThreadPool]: Snowflake adapter: Rolling back transaction.
[0m17:32:30.454418 [debug] [ThreadPool]: On list_DATAPAI_ai_mart: Close
[0m17:32:30.462730 [debug] [ThreadPool]: Snowflake adapter: Snowflake query id: 01c30448-3205-7ec3-0001-c41600b875be
[0m17:32:30.463292 [debug] [ThreadPool]: Snowflake adapter: Snowflake error: 002043 (02000): SQL compilation error:
Object does not exist, or operation cannot be performed.
[0m17:32:30.463599 [debug] [ThreadPool]: Snowflake adapter: Error running SQL: macro list_relations_without_caching
[0m17:32:30.463784 [debug] [ThreadPool]: Snowflake adapter: Rolling back transaction.
[0m17:32:30.464005 [debug] [ThreadPool]: On list_DATAPAI_test_audit: Close
[0m17:32:30.468798 [debug] [ThreadPool]: SQL status: SUCCESS 1 in 2.386 seconds
[0m17:32:30.470074 [debug] [ThreadPool]: On list_DATAPAI_STOCK: Close
[0m17:32:30.529916 [debug] [ThreadPool]: Re-using an available connection from the pool (formerly list_DATAPAI_ai_mart, now list_DATAPAI_DATAPAI)
[0m17:32:30.533012 [debug] [ThreadPool]: Using snowflake connection "list_DATAPAI_DATAPAI"
[0m17:32:30.533264 [debug] [ThreadPool]: On list_DATAPAI_DATAPAI: show objects in DATAPAI.DATAPAI
    limit 10000
    

/* {"app": "dbt", "dbt_version": "1.11.0b3", "profile_name": "datapai_snowflake", "target_name": "dev", "connection_name": "list_DATAPAI_DATAPAI"} */;
[0m17:32:30.533465 [debug] [ThreadPool]: Opening a new connection, currently in state closed
[0m17:32:30.552363 [debug] [ThreadPool]: Re-using an available connection from the pool (formerly list_DATAPAI_STOCK, now list_DATAPAI_audit)
[0m17:32:30.555387 [debug] [ThreadPool]: Using snowflake connection "list_DATAPAI_audit"
[0m17:32:30.556590 [debug] [ThreadPool]: On list_DATAPAI_audit: show objects in DATAPAI.audit
    limit 10000
    

/* {"app": "dbt", "dbt_version": "1.11.0b3", "profile_name": "datapai_snowflake", "target_name": "dev", "connection_name": "list_DATAPAI_audit"} */;
[0m17:32:30.557138 [debug] [ThreadPool]: Opening a new connection, currently in state closed
[0m17:32:30.856485 [debug] [ThreadPool]: Snowflake adapter: Snowflake query id: 01c30448-3205-7ec3-0001-c41600b875c6
[0m17:32:30.856903 [debug] [ThreadPool]: Snowflake adapter: Snowflake error: 002043 (02000): SQL compilation error:
Object does not exist, or operation cannot be performed.
[0m17:32:30.857206 [debug] [ThreadPool]: Snowflake adapter: Error running SQL: macro list_relations_without_caching
[0m17:32:30.857418 [debug] [ThreadPool]: Snowflake adapter: Rolling back transaction.
[0m17:32:30.857679 [debug] [ThreadPool]: On list_DATAPAI_audit: Close
[0m17:32:30.875144 [debug] [ThreadPool]: SQL status: SUCCESS 59 in 0.342 seconds
[0m17:32:30.878511 [debug] [ThreadPool]: On list_DATAPAI_DATAPAI: Close
[0m17:32:30.982592 [debug] [MainThread]: Writing injected SQL for node "operation.elementary.elementary-on-run-start-0"
[0m17:32:30.984810 [info ] [MainThread]: 1 of 1 START hook: elementary.on-run-start.0 ................................... [RUN]
[0m17:32:30.985147 [info ] [MainThread]: 1 of 1 OK hook: elementary.on-run-start.0 ...................................... [[32mOK[0m in 0.02s]
[0m17:32:30.985348 [info ] [MainThread]: 
[0m17:32:30.986551 [debug] [Thread-1  ]: Began running node model.datapai.ohlcv_intraday
[0m17:32:30.986802 [debug] [Thread-2  ]: Began running node model.datapai.prices
[0m17:32:30.987114 [info ] [Thread-1  ]: 1 of 2 START sql table model STOCK.ohlcv_intraday .............................. [RUN]
[0m17:32:30.987419 [info ] [Thread-2  ]: 2 of 2 START sql table model STOCK.prices ...................................... [RUN]
[0m17:32:30.987699 [debug] [Thread-1  ]: Re-using an available connection from the pool (formerly list_DATAPAI_audit, now model.datapai.ohlcv_intraday)
[0m17:32:30.987920 [debug] [Thread-2  ]: Re-using an available connection from the pool (formerly list_DATAPAI_DATAPAI, now model.datapai.prices)
[0m17:32:30.988131 [debug] [Thread-1  ]: Began compiling node model.datapai.ohlcv_intraday
[0m17:32:30.988322 [debug] [Thread-2  ]: Began compiling node model.datapai.prices
[0m17:32:30.991796 [debug] [Thread-1  ]: Writing injected SQL for node "model.datapai.ohlcv_intraday"
[0m17:32:30.995640 [debug] [Thread-2  ]: Writing injected SQL for node "model.datapai.prices"
[0m17:32:30.996208 [debug] [Thread-2  ]: Began executing node model.datapai.prices
[0m17:32:30.996428 [debug] [Thread-1  ]: Began executing node model.datapai.ohlcv_intraday
[0m17:32:31.014023 [debug] [Thread-2  ]: Writing runtime sql for node "model.datapai.prices"
[0m17:32:31.016558 [debug] [Thread-1  ]: Writing runtime sql for node "model.datapai.ohlcv_intraday"
[0m17:32:31.017530 [debug] [Thread-2  ]: Using snowflake connection "model.datapai.prices"
[0m17:32:31.018219 [debug] [Thread-1  ]: Using snowflake connection "model.datapai.ohlcv_intraday"
[0m17:32:31.018436 [debug] [Thread-2  ]: On model.datapai.prices: create or replace iceberg table DATAPAI.STOCK.prices
    external_volume = 'DATAPAI_S3_VOL'

    catalog = 'SNOWFLAKE'  -- required, and always SNOWFLAKE for built-in Iceberg tables
    base_location = 'prices/STOCK/prices'
    

    

    

    

    
    
    
as (select * from (
        

/*
  Daily OHLCV prices — Snowflake Managed Iceberg table.

  Source:       S3 raw Parquet at s3://$S3_BUCKET_STOCK/stock/raw/prices/
  Stage:        DATAPAI.STOCK.S3_RAW_STAGE (DATAPAI_S3_INTEGRATION)
  Bronze path:  s3://$S3_BUCKET_STOCK/stock/bronze/prices/STOCK/prices/  (written by Snowflake)
  Data loader:  scripts/sync_snowflake_iceberg.py  ← partition-level DELETE+INSERT
  Full rebuild: dbt run --full-refresh --select prices

  Schema managed by dbt.  Data loaded by sync_snowflake_iceberg.py.

  Note: requires dbt-snowflake>=1.9 (Python 3.9+) for Managed Iceberg table_format config.
  For daily delta loads use scripts/sync_snowflake_iceberg.py --mode delta.
*/




SELECT
    $1:ticker::VARCHAR(20)    AS ticker,
    $1:trade_date::DATE       AS trade_date,
    $1:open::DOUBLE           AS open,
    $1:high::DOUBLE           AS high,
    $1:low::DOUBLE            AS low,
    $1:close::DOUBLE          AS close,
    $1:adj_close::DOUBLE      AS adj_close,
    $1:volume::BIGINT         AS volume,
    $1:exchange::VARCHAR(10)  AS exchange,
    $1:source::VARCHAR(20)    AS source
FROM @DATAPAI.STOCK.S3_RAW_STAGE/prices/
    )
    order by (
        exchange, trade_date
    )
    )

/* {"app": "dbt", "dbt_version": "1.11.0b3", "profile_name": "datapai_snowflake", "target_name": "dev", "node_id": "model.datapai.prices"} */;
[0m17:32:31.018727 [debug] [Thread-1  ]: On model.datapai.ohlcv_intraday: create or replace iceberg table DATAPAI.STOCK.ohlcv_intraday
    external_volume = 'DATAPAI_S3_VOL'

    catalog = 'SNOWFLAKE'  -- required, and always SNOWFLAKE for built-in Iceberg tables
    base_location = 'ohlcv_intraday/STOCK/ohlcv_intraday'
    

    

    

    

    
    
    
as (select * from (
        

/*
  30-minute OHLCV intraday bars — Snowflake Managed Iceberg table.

  Source:       S3 raw Parquet at s3://$S3_BUCKET_STOCK/stock/raw/ohlcv_intraday/
  Stage:        DATAPAI.STOCK.S3_RAW_STAGE (DATAPAI_S3_INTEGRATION)
  Bronze path:  s3://$S3_BUCKET_STOCK/stock/bronze/ohlcv_intraday/STOCK/ohlcv_intraday/  (written by Snowflake)
  Data loader:  scripts/sync_snowflake_iceberg.py  ← partition-level DELETE+INSERT
  Full rebuild: dbt run --full-refresh --select ohlcv_intraday

  Note: requires dbt-snowflake>=1.9 (Python 3.9+) for Managed Iceberg table_format config.
  For daily delta loads use scripts/sync_snowflake_iceberg.py --mode delta.
*/




SELECT
    $1:ticker::VARCHAR(20)    AS ticker,
    $1:ts::TIMESTAMP_TZ(6)    AS ts,
    $1:open::DOUBLE           AS open,
    $1:high::DOUBLE           AS high,
    $1:low::DOUBLE            AS low,
    $1:close::DOUBLE          AS close,
    $1:volume::BIGINT         AS volume,
    $1:exchange::VARCHAR(10)  AS exchange,
    $1:source::VARCHAR(20)    AS source
FROM @DATAPAI.STOCK.S3_RAW_STAGE/ohlcv_intraday/
    )
    order by (
        exchange, ts::DATE
    )
    )

/* {"app": "dbt", "dbt_version": "1.11.0b3", "profile_name": "datapai_snowflake", "target_name": "dev", "node_id": "model.datapai.ohlcv_intraday"} */;
[0m17:32:31.018994 [debug] [Thread-2  ]: Opening a new connection, currently in state closed
[0m17:32:31.019212 [debug] [Thread-1  ]: Opening a new connection, currently in state closed
[0m17:32:31.378305 [debug] [Thread-1  ]: Snowflake adapter: Snowflake query id: 01c30448-3205-7ec3-0001-c41600b875ce
[0m17:32:31.378811 [debug] [Thread-1  ]: Snowflake adapter: Snowflake error: 091386 (42601): SQL Compilation error:
Unsupported data type 'TIMESTAMP_TZ(6)' for iceberg tables.
[0m17:32:31.379252 [debug] [Thread-1  ]: On model.datapai.ohlcv_intraday: Close
[0m17:32:31.455559 [debug] [Thread-1  ]: Database Error in model ohlcv_intraday (models/stock/ohlcv_intraday.sql)
  091386 (42601): SQL Compilation error:
  Unsupported data type 'TIMESTAMP_TZ(6)' for iceberg tables.
  compiled code at target/run/datapai/models/stock/ohlcv_intraday.sql
[0m17:32:31.457176 [error] [Thread-1  ]: 1 of 2 ERROR creating sql table model STOCK.ohlcv_intraday ..................... [[31mERROR[0m in 0.47s]
[0m17:32:31.457600 [debug] [Thread-1  ]: Finished running node model.datapai.ohlcv_intraday
[0m17:32:31.457952 [debug] [Thread-6  ]: Marking all children of 'model.datapai.ohlcv_intraday' to be skipped because of status 'error'.  Reason: Database Error in model ohlcv_intraday (models/stock/ohlcv_intraday.sql)
  091386 (42601): SQL Compilation error:
  Unsupported data type 'TIMESTAMP_TZ(6)' for iceberg tables.
  compiled code at target/run/datapai/models/stock/ohlcv_intraday.sql.
[0m17:32:44.558357 [debug] [Thread-2  ]: SQL status: SUCCESS 1 in 13.539 seconds
[0m17:32:44.560054 [debug] [Thread-2  ]: Using snowflake connection "model.datapai.prices"
[0m17:32:44.560821 [debug] [Thread-2  ]: On model.datapai.prices: alter iceberg table DATAPAI.STOCK.prices cluster by (exchange, trade_date)
/* {"app": "dbt", "dbt_version": "1.11.0b3", "profile_name": "datapai_snowflake", "target_name": "dev", "node_id": "model.datapai.prices"} */;
[0m17:32:44.761209 [debug] [Thread-2  ]: SQL status: SUCCESS 1 in 0.200 seconds
[0m17:32:44.777452 [debug] [Thread-2  ]: On model.datapai.prices: Close
[0m17:32:44.845059 [info ] [Thread-2  ]: 2 of 2 OK created sql table model STOCK.prices ................................. [[32mSUCCESS 1[0m in 13.86s]
[0m17:32:44.845588 [debug] [Thread-2  ]: Finished running node model.datapai.prices
[0m17:32:44.846355 [info ] [MainThread]: 
[0m17:32:44.862509 [debug] [MainThread]: Elementary: Uploading dbt artifacts.
[0m17:32:44.876058 [debug] [MainThread]: Writing injected SQL for node "operation.elementary.elementary-on-run-end-0"
[0m17:32:44.876718 [info ] [MainThread]: 1 of 1 START hook: elementary.on-run-end.0 ..................................... [RUN]
[0m17:32:44.877000 [info ] [MainThread]: 1 of 1 OK hook: elementary.on-run-end.0 ........................................ [[32mOK[0m in 0.03s]
[0m17:32:44.877259 [debug] [MainThread]: Connection 'master' was properly closed.
[0m17:32:44.877427 [debug] [MainThread]: Connection 'model.datapai.ohlcv_intraday' was properly closed.
[0m17:32:44.877581 [debug] [MainThread]: Connection 'model.datapai.prices' was properly closed.
[0m17:32:44.877738 [debug] [MainThread]: Connection 'list_DATAPAI_test_audit' was properly closed.
[0m17:32:44.877952 [info ] [MainThread]: 
[0m17:32:44.878134 [info ] [MainThread]: Finished running 2 project hooks, 2 table models in 0 hours 0 minutes and 19.95 seconds (19.95s).
[0m17:32:44.878670 [debug] [MainThread]: Command end result
[0m17:32:44.946597 [debug] [MainThread]: Wrote artifact WritableManifest to /Users/linlin/git/dbt-demo/target/manifest.json
[0m17:32:44.947989 [debug] [MainThread]: Wrote artifact SemanticManifest to /Users/linlin/git/dbt-demo/target/semantic_manifest.json
[0m17:32:44.950904 [debug] [MainThread]: Wrote artifact RunExecutionResult to /Users/linlin/git/dbt-demo/target/run_results.json
[0m17:32:44.951104 [info ] [MainThread]: 
[0m17:32:44.951286 [info ] [MainThread]: [31mCompleted with 1 error, 0 partial successes, and 0 warnings:[0m
[0m17:32:44.951452 [info ] [MainThread]: 
[0m17:32:44.951631 [error] [MainThread]: [31mFailure in model ohlcv_intraday (models/stock/ohlcv_intraday.sql)[0m
[0m17:32:44.951797 [error] [MainThread]:   Database Error in model ohlcv_intraday (models/stock/ohlcv_intraday.sql)
  091386 (42601): SQL Compilation error:
  Unsupported data type 'TIMESTAMP_TZ(6)' for iceberg tables.
  compiled code at target/run/datapai/models/stock/ohlcv_intraday.sql
[0m17:32:44.951940 [info ] [MainThread]: 
[0m17:32:44.952102 [info ] [MainThread]:   compiled code at target/compiled/datapai/models/stock/ohlcv_intraday.sql
[0m17:32:44.952248 [info ] [MainThread]: 
[0m17:32:44.952408 [info ] [MainThread]: Done. PASS=3 WARN=0 ERROR=1 SKIP=0 NO-OP=0 TOTAL=4
[0m17:32:44.952863 [warn ] [MainThread]: [[33mWARNING[0m][DeprecationsSummary]: Deprecated functionality
Summary of encountered deprecations:
- ProjectFlagsMovedDeprecation: 1 occurrence
- MissingArgumentsPropertyInGenericTestDeprecation: 2 occurrences
To see all deprecation instances instead of just the first occurrence of each,
run command again with the `--show-all-deprecations` flag. You may also need to
run with `--no-partial-parse` as some deprecations are only encountered during
parsing.
[0m17:32:44.953837 [debug] [MainThread]: Resource report: {"command_name": "run", "command_success": false, "command_wall_clock_time": 20.988955, "process_in_blocks": "0", "process_kernel_time": 0.236816, "process_mem_max_rss": "205275136", "process_out_blocks": "0", "process_user_time": 2.215603}
[0m17:32:44.954063 [debug] [MainThread]: Command `dbt run` failed at 17:32:44.954022 after 20.99 seconds
[0m17:32:44.954280 [debug] [MainThread]: Flushing usage events


============================== 17:33:18.866689 | 2a50f12b-cf33-41e3-8de6-e639448d2761 ==============================
[0m17:33:18.866689 [info ] [MainThread]: Running with dbt=1.11.0-b3
[0m17:33:18.868540 [debug] [MainThread]: running dbt with arguments {'send_anonymous_usage_stats': 'False', 'target_path': 'None', 'version_check': 'True', 'no_print': 'None', 'indirect_selection': 'eager', 'fail_fast': 'False', 'warn_error': 'None', 'printer_width': '80', 'quiet': 'False', 'use_experimental_parser': 'False', 'empty': 'False', 'use_colors': 'True', 'cache_selected_only': 'False', 'log_cache_events': 'False', 'static_parser': 'True', 'introspect': 'True', 'log_path': '/Users/linlin/git/dbt-demo/logs', 'warn_error_options': 'WarnErrorOptionsV2(error=[], warn=[], silence=[])', 'write_json': 'True', 'log_format': 'default', 'partial_parse': 'True', 'debug': 'False', 'invocation_command': 'dbt run --profiles-dir /Users/linlin/git/dbt-demo --project-dir /Users/linlin/git/dbt-demo --select stock.* --full-refresh', 'profiles_dir': '/Users/linlin/git/dbt-demo'}
[0m17:33:18.868742 [warn ] [MainThread]: [[33mWARNING[0m]: Deprecated functionality

User config should be moved from the 'config' key in profiles.yml to the 'flags' key in dbt_project.yml.
[0m17:33:19.095766 [info ] [MainThread]: Registered adapter: snowflake=1.10.2
[0m17:33:19.164056 [debug] [MainThread]: checksum: e63134dccc1251cfb572caf0e4aa952f030c125ee3634f3bf2c0a2e1bb6ae349, vars: {}, profile: , target: , version: 1.11.0b3
[0m17:33:19.358152 [debug] [MainThread]: Partial parsing enabled: 0 files deleted, 0 files added, 1 files changed.
[0m17:33:19.358843 [debug] [MainThread]: Partial parsing: updated file: datapai://models/stock/ohlcv_intraday.sql
[0m17:33:19.523051 [warn ] [MainThread]: [[33mWARNING[0m][MissingArgumentsPropertyInGenericTestDeprecation]: Deprecated
functionality
Found top-level arguments to test `accepted_values` defined on 'ohlcv_intraday'
in package 'datapai' (models/stock/schema.yml). Arguments to generic tests
should be nested under the `arguments` property.
[0m17:33:19.599794 [warn ] [MainThread]: [[33mWARNING[0m]: Configuration paths exist in your dbt_project.yml file which do not apply to any resources.
There are 8 unused configuration paths:
- models.reporting
- models.staging
- models.intermediate
- models.ai_mart
- models.obt
- seeds.finance
- seeds.marketing
- seeds.ai_mart
[0m17:33:19.783266 [debug] [MainThread]: Wrote artifact WritableManifest to /Users/linlin/git/dbt-demo/target/manifest.json
[0m17:33:19.784746 [debug] [MainThread]: Wrote artifact SemanticManifest to /Users/linlin/git/dbt-demo/target/semantic_manifest.json
[0m17:33:19.803774 [info ] [MainThread]: Found 68 models, 1 analysis, 21 seeds, 2 operations, 165 data tests, 19 sources, 11 exposures, 1444 macros
[0m17:33:19.805655 [info ] [MainThread]: 
[0m17:33:19.805847 [info ] [MainThread]: Concurrency: 3 threads (target='dev')
[0m17:33:19.805994 [info ] [MainThread]: 
[0m17:33:19.806240 [debug] [MainThread]: Acquiring new snowflake connection 'master'
[0m17:33:19.808376 [debug] [ThreadPool]: Acquiring new snowflake connection 'list_DATAPAI'
[0m17:33:19.865528 [debug] [ThreadPool]: Using snowflake connection "list_DATAPAI"
[0m17:33:19.865758 [debug] [ThreadPool]: On list_DATAPAI: show terse schemas in database DATAPAI
    limit 10000
/* {"app": "dbt", "dbt_version": "1.11.0b3", "profile_name": "datapai_snowflake", "target_name": "dev", "connection_name": "list_DATAPAI"} */
[0m17:33:19.865914 [debug] [ThreadPool]: Opening a new connection, currently in state init
[0m17:33:22.600040 [debug] [ThreadPool]: SQL status: SUCCESS 6 in 2.734 seconds
[0m17:33:22.603312 [debug] [ThreadPool]: On list_DATAPAI: Close
[0m17:33:22.716302 [debug] [ThreadPool]: Re-using an available connection from the pool (formerly list_DATAPAI, now list_DATAPAI_ai_mart)
[0m17:33:22.717110 [debug] [ThreadPool]: Acquiring new snowflake connection 'list_DATAPAI_STOCK'
[0m17:33:22.732585 [debug] [ThreadPool]: Using snowflake connection "list_DATAPAI_ai_mart"
[0m17:33:22.733117 [debug] [ThreadPool]: Using snowflake connection "list_DATAPAI_STOCK"
[0m17:33:22.733430 [debug] [ThreadPool]: Acquiring new snowflake connection 'list_DATAPAI_audit'
[0m17:33:22.733633 [debug] [ThreadPool]: On list_DATAPAI_ai_mart: show objects in DATAPAI.ai_mart
    limit 10000
    

/* {"app": "dbt", "dbt_version": "1.11.0b3", "profile_name": "datapai_snowflake", "target_name": "dev", "connection_name": "list_DATAPAI_ai_mart"} */;
[0m17:33:22.733907 [debug] [ThreadPool]: On list_DATAPAI_STOCK: show objects in DATAPAI.STOCK
    limit 10000
    

/* {"app": "dbt", "dbt_version": "1.11.0b3", "profile_name": "datapai_snowflake", "target_name": "dev", "connection_name": "list_DATAPAI_STOCK"} */;
[0m17:33:22.736177 [debug] [ThreadPool]: Using snowflake connection "list_DATAPAI_audit"
[0m17:33:22.736390 [debug] [ThreadPool]: Opening a new connection, currently in state closed
[0m17:33:22.736568 [debug] [ThreadPool]: Opening a new connection, currently in state init
[0m17:33:22.736747 [debug] [ThreadPool]: On list_DATAPAI_audit: show objects in DATAPAI.audit
    limit 10000
    

/* {"app": "dbt", "dbt_version": "1.11.0b3", "profile_name": "datapai_snowflake", "target_name": "dev", "connection_name": "list_DATAPAI_audit"} */;
[0m17:33:22.737348 [debug] [ThreadPool]: Opening a new connection, currently in state init
[0m17:33:25.078326 [debug] [ThreadPool]: Snowflake adapter: Snowflake query id: 01c30449-3205-7ec3-0001-c41600b87606
[0m17:33:25.079181 [debug] [ThreadPool]: Snowflake adapter: Snowflake error: 002043 (02000): SQL compilation error:
Object does not exist, or operation cannot be performed.
[0m17:33:25.079554 [debug] [ThreadPool]: Snowflake adapter: Error running SQL: macro list_relations_without_caching
[0m17:33:25.085627 [debug] [ThreadPool]: SQL status: SUCCESS 1 in 2.349 seconds
[0m17:33:25.085894 [debug] [ThreadPool]: Snowflake adapter: Rolling back transaction.
[0m17:33:25.088056 [debug] [ThreadPool]: Snowflake adapter: Snowflake query id: 01c30449-3205-7ec3-0001-c41600b87602
[0m17:33:25.089114 [debug] [ThreadPool]: On list_DATAPAI_STOCK: Close
[0m17:33:25.089420 [debug] [ThreadPool]: On list_DATAPAI_audit: Close
[0m17:33:25.089641 [debug] [ThreadPool]: Snowflake adapter: Snowflake error: 002043 (02000): SQL compilation error:
Object does not exist, or operation cannot be performed.
[0m17:33:25.090918 [debug] [ThreadPool]: Snowflake adapter: Error running SQL: macro list_relations_without_caching
[0m17:33:25.091188 [debug] [ThreadPool]: Snowflake adapter: Rolling back transaction.
[0m17:33:25.091467 [debug] [ThreadPool]: On list_DATAPAI_ai_mart: Close
[0m17:33:25.168342 [debug] [ThreadPool]: Re-using an available connection from the pool (formerly list_DATAPAI_ai_mart, now list_DATAPAI_DATAPAI)
[0m17:33:25.171605 [debug] [ThreadPool]: Using snowflake connection "list_DATAPAI_DATAPAI"
[0m17:33:25.172326 [debug] [ThreadPool]: On list_DATAPAI_DATAPAI: show objects in DATAPAI.DATAPAI
    limit 10000
    

/* {"app": "dbt", "dbt_version": "1.11.0b3", "profile_name": "datapai_snowflake", "target_name": "dev", "connection_name": "list_DATAPAI_DATAPAI"} */;
[0m17:33:25.172718 [debug] [ThreadPool]: Opening a new connection, currently in state closed
[0m17:33:25.175297 [debug] [ThreadPool]: Re-using an available connection from the pool (formerly list_DATAPAI_STOCK, now list_DATAPAI_test_audit)
[0m17:33:25.179030 [debug] [ThreadPool]: Using snowflake connection "list_DATAPAI_test_audit"
[0m17:33:25.181792 [debug] [ThreadPool]: On list_DATAPAI_test_audit: show objects in DATAPAI.test_audit
    limit 10000
    

/* {"app": "dbt", "dbt_version": "1.11.0b3", "profile_name": "datapai_snowflake", "target_name": "dev", "connection_name": "list_DATAPAI_test_audit"} */;
[0m17:33:25.182165 [debug] [ThreadPool]: Opening a new connection, currently in state closed
[0m17:33:25.557052 [debug] [ThreadPool]: Snowflake adapter: Snowflake query id: 01c30449-3205-7ec3-0001-c41600b8760e
[0m17:33:25.557463 [debug] [ThreadPool]: Snowflake adapter: Snowflake error: 002043 (02000): SQL compilation error:
Object does not exist, or operation cannot be performed.
[0m17:33:25.557811 [debug] [ThreadPool]: Snowflake adapter: Error running SQL: macro list_relations_without_caching
[0m17:33:25.558056 [debug] [ThreadPool]: Snowflake adapter: Rolling back transaction.
[0m17:33:25.558351 [debug] [ThreadPool]: On list_DATAPAI_test_audit: Close
[0m17:33:26.029334 [debug] [ThreadPool]: SQL status: SUCCESS 59 in 0.857 seconds
[0m17:33:26.033924 [debug] [ThreadPool]: On list_DATAPAI_DATAPAI: Close
[0m17:33:26.165441 [debug] [MainThread]: Writing injected SQL for node "operation.elementary.elementary-on-run-start-0"
[0m17:33:26.167692 [info ] [MainThread]: 1 of 1 START hook: elementary.on-run-start.0 ................................... [RUN]
[0m17:33:26.168033 [info ] [MainThread]: 1 of 1 OK hook: elementary.on-run-start.0 ...................................... [[32mOK[0m in 0.02s]
[0m17:33:26.168248 [info ] [MainThread]: 
[0m17:33:26.169518 [debug] [Thread-1  ]: Began running node model.datapai.ohlcv_intraday
[0m17:33:26.169803 [debug] [Thread-2  ]: Began running node model.datapai.prices
[0m17:33:26.170155 [info ] [Thread-1  ]: 1 of 2 START sql table model STOCK.ohlcv_intraday .............................. [RUN]
[0m17:33:26.170486 [info ] [Thread-2  ]: 2 of 2 START sql table model STOCK.prices ...................................... [RUN]
[0m17:33:26.170816 [debug] [Thread-1  ]: Re-using an available connection from the pool (formerly list_DATAPAI_DATAPAI, now model.datapai.ohlcv_intraday)
[0m17:33:26.171071 [debug] [Thread-2  ]: Re-using an available connection from the pool (formerly list_DATAPAI_test_audit, now model.datapai.prices)
[0m17:33:26.171300 [debug] [Thread-1  ]: Began compiling node model.datapai.ohlcv_intraday
[0m17:33:26.171512 [debug] [Thread-2  ]: Began compiling node model.datapai.prices
[0m17:33:26.175252 [debug] [Thread-1  ]: Writing injected SQL for node "model.datapai.ohlcv_intraday"
[0m17:33:26.178949 [debug] [Thread-2  ]: Writing injected SQL for node "model.datapai.prices"
[0m17:33:26.179487 [debug] [Thread-1  ]: Began executing node model.datapai.ohlcv_intraday
[0m17:33:26.179720 [debug] [Thread-2  ]: Began executing node model.datapai.prices
[0m17:33:26.198049 [debug] [Thread-1  ]: Writing runtime sql for node "model.datapai.ohlcv_intraday"
[0m17:33:26.200983 [debug] [Thread-2  ]: Writing runtime sql for node "model.datapai.prices"
[0m17:33:26.202086 [debug] [Thread-2  ]: Using snowflake connection "model.datapai.prices"
[0m17:33:26.202793 [debug] [Thread-1  ]: Using snowflake connection "model.datapai.ohlcv_intraday"
[0m17:33:26.203013 [debug] [Thread-2  ]: On model.datapai.prices: create or replace iceberg table DATAPAI.STOCK.prices
    external_volume = 'DATAPAI_S3_VOL'

    catalog = 'SNOWFLAKE'  -- required, and always SNOWFLAKE for built-in Iceberg tables
    base_location = 'prices/STOCK/prices'
    

    

    

    

    
    
    
as (select * from (
        

/*
  Daily OHLCV prices — Snowflake Managed Iceberg table.

  Source:       S3 raw Parquet at s3://$S3_BUCKET_STOCK/stock/raw/prices/
  Stage:        DATAPAI.STOCK.S3_RAW_STAGE (DATAPAI_S3_INTEGRATION)
  Bronze path:  s3://$S3_BUCKET_STOCK/stock/bronze/prices/STOCK/prices/  (written by Snowflake)
  Data loader:  scripts/sync_snowflake_iceberg.py  ← partition-level DELETE+INSERT
  Full rebuild: dbt run --full-refresh --select prices

  Schema managed by dbt.  Data loaded by sync_snowflake_iceberg.py.

  Note: requires dbt-snowflake>=1.9 (Python 3.9+) for Managed Iceberg table_format config.
  For daily delta loads use scripts/sync_snowflake_iceberg.py --mode delta.
*/




SELECT
    $1:ticker::VARCHAR(20)    AS ticker,
    $1:trade_date::DATE       AS trade_date,
    $1:open::DOUBLE           AS open,
    $1:high::DOUBLE           AS high,
    $1:low::DOUBLE            AS low,
    $1:close::DOUBLE          AS close,
    $1:adj_close::DOUBLE      AS adj_close,
    $1:volume::BIGINT         AS volume,
    $1:exchange::VARCHAR(10)  AS exchange,
    $1:source::VARCHAR(20)    AS source
FROM @DATAPAI.STOCK.S3_RAW_STAGE/prices/
    )
    order by (
        exchange, trade_date
    )
    )

/* {"app": "dbt", "dbt_version": "1.11.0b3", "profile_name": "datapai_snowflake", "target_name": "dev", "node_id": "model.datapai.prices"} */;
[0m17:33:26.203259 [debug] [Thread-1  ]: On model.datapai.ohlcv_intraday: create or replace iceberg table DATAPAI.STOCK.ohlcv_intraday
    external_volume = 'DATAPAI_S3_VOL'

    catalog = 'SNOWFLAKE'  -- required, and always SNOWFLAKE for built-in Iceberg tables
    base_location = 'ohlcv_intraday/STOCK/ohlcv_intraday'
    

    

    

    

    
    
    
as (select * from (
        

/*
  30-minute OHLCV intraday bars — Snowflake Managed Iceberg table.

  Source:       S3 raw Parquet at s3://$S3_BUCKET_STOCK/stock/raw/ohlcv_intraday/
  Stage:        DATAPAI.STOCK.S3_RAW_STAGE (DATAPAI_S3_INTEGRATION)
  Bronze path:  s3://$S3_BUCKET_STOCK/stock/bronze/ohlcv_intraday/STOCK/ohlcv_intraday/  (written by Snowflake)
  Data loader:  scripts/sync_snowflake_iceberg.py  ← partition-level DELETE+INSERT
  Full rebuild: dbt run --full-refresh --select ohlcv_intraday

  Note: requires dbt-snowflake>=1.9 (Python 3.9+) for Managed Iceberg table_format config.
  For daily delta loads use scripts/sync_snowflake_iceberg.py --mode delta.
*/




SELECT
    $1:ticker::VARCHAR(20)    AS ticker,
    $1:ts::TIMESTAMP_NTZ      AS ts,
    $1:open::DOUBLE           AS open,
    $1:high::DOUBLE           AS high,
    $1:low::DOUBLE            AS low,
    $1:close::DOUBLE          AS close,
    $1:volume::BIGINT         AS volume,
    $1:exchange::VARCHAR(10)  AS exchange,
    $1:source::VARCHAR(20)    AS source
FROM @DATAPAI.STOCK.S3_RAW_STAGE/ohlcv_intraday/
    )
    order by (
        exchange, ts::DATE
    )
    )

/* {"app": "dbt", "dbt_version": "1.11.0b3", "profile_name": "datapai_snowflake", "target_name": "dev", "node_id": "model.datapai.ohlcv_intraday"} */;
[0m17:33:26.203489 [debug] [Thread-2  ]: Opening a new connection, currently in state closed
[0m17:33:26.203671 [debug] [Thread-1  ]: Opening a new connection, currently in state closed
[0m17:33:26.688840 [debug] [Thread-1  ]: Snowflake adapter: Snowflake query id: 01c30449-3205-7ec3-0001-c41600b87612
[0m17:33:26.689373 [debug] [Thread-1  ]: Snowflake adapter: Snowflake error: 091385 (42601): SQL Compilation error:
Invalid time type scale specified for column 'TS' with data type 'TIMESTAMP_NTZ(9)'. Please consult the Snowflake documentation for supported scales of TIME and TIMESTAMP types in Iceberg tables.
[0m17:33:26.689849 [debug] [Thread-1  ]: On model.datapai.ohlcv_intraday: Close
[0m17:33:26.780243 [debug] [Thread-1  ]: Database Error in model ohlcv_intraday (models/stock/ohlcv_intraday.sql)
  091385 (42601): SQL Compilation error:
  Invalid time type scale specified for column 'TS' with data type 'TIMESTAMP_NTZ(9)'. Please consult the Snowflake documentation for supported scales of TIME and TIMESTAMP types in Iceberg tables.
  compiled code at target/run/datapai/models/stock/ohlcv_intraday.sql
[0m17:33:26.782150 [error] [Thread-1  ]: 1 of 2 ERROR creating sql table model STOCK.ohlcv_intraday ..................... [[31mERROR[0m in 0.61s]
[0m17:33:26.782671 [debug] [Thread-1  ]: Finished running node model.datapai.ohlcv_intraday
[0m17:33:26.783072 [debug] [Thread-6  ]: Marking all children of 'model.datapai.ohlcv_intraday' to be skipped because of status 'error'.  Reason: Database Error in model ohlcv_intraday (models/stock/ohlcv_intraday.sql)
  091385 (42601): SQL Compilation error:
  Invalid time type scale specified for column 'TS' with data type 'TIMESTAMP_NTZ(9)'. Please consult the Snowflake documentation for supported scales of TIME and TIMESTAMP types in Iceberg tables.
  compiled code at target/run/datapai/models/stock/ohlcv_intraday.sql.
[0m17:33:40.672713 [debug] [Thread-2  ]: SQL status: SUCCESS 1 in 14.469 seconds
[0m17:33:40.673541 [debug] [Thread-2  ]: Using snowflake connection "model.datapai.prices"
[0m17:33:40.673960 [debug] [Thread-2  ]: On model.datapai.prices: alter iceberg table DATAPAI.STOCK.prices cluster by (exchange, trade_date)
/* {"app": "dbt", "dbt_version": "1.11.0b3", "profile_name": "datapai_snowflake", "target_name": "dev", "node_id": "model.datapai.prices"} */;
[0m17:33:40.805987 [debug] [Thread-2  ]: SQL status: SUCCESS 1 in 0.132 seconds
[0m17:33:40.824188 [debug] [Thread-2  ]: On model.datapai.prices: Close
[0m17:33:40.885190 [info ] [Thread-2  ]: 2 of 2 OK created sql table model STOCK.prices ................................. [[32mSUCCESS 1[0m in 14.71s]
[0m17:33:40.885744 [debug] [Thread-2  ]: Finished running node model.datapai.prices
[0m17:33:40.886531 [info ] [MainThread]: 
[0m17:33:40.904721 [debug] [MainThread]: Elementary: Uploading dbt artifacts.
[0m17:33:40.917862 [debug] [MainThread]: Writing injected SQL for node "operation.elementary.elementary-on-run-end-0"
[0m17:33:40.918543 [info ] [MainThread]: 1 of 1 START hook: elementary.on-run-end.0 ..................................... [RUN]
[0m17:33:40.918825 [info ] [MainThread]: 1 of 1 OK hook: elementary.on-run-end.0 ........................................ [[32mOK[0m in 0.03s]
[0m17:33:40.919105 [debug] [MainThread]: Connection 'master' was properly closed.
[0m17:33:40.919386 [debug] [MainThread]: Connection 'model.datapai.ohlcv_intraday' was properly closed.
[0m17:33:40.919592 [debug] [MainThread]: Connection 'model.datapai.prices' was properly closed.
[0m17:33:40.919759 [debug] [MainThread]: Connection 'list_DATAPAI_audit' was properly closed.
[0m17:33:40.919987 [info ] [MainThread]: 
[0m17:33:40.920182 [info ] [MainThread]: Finished running 2 project hooks, 2 table models in 0 hours 0 minutes and 21.11 seconds (21.11s).
[0m17:33:40.920737 [debug] [MainThread]: Command end result
[0m17:33:40.988748 [debug] [MainThread]: Wrote artifact WritableManifest to /Users/linlin/git/dbt-demo/target/manifest.json
[0m17:33:40.990344 [debug] [MainThread]: Wrote artifact SemanticManifest to /Users/linlin/git/dbt-demo/target/semantic_manifest.json
[0m17:33:40.993659 [debug] [MainThread]: Wrote artifact RunExecutionResult to /Users/linlin/git/dbt-demo/target/run_results.json
[0m17:33:40.993842 [info ] [MainThread]: 
[0m17:33:40.994016 [info ] [MainThread]: [31mCompleted with 1 error, 0 partial successes, and 0 warnings:[0m
[0m17:33:40.994169 [info ] [MainThread]: 
[0m17:33:40.994345 [error] [MainThread]: [31mFailure in model ohlcv_intraday (models/stock/ohlcv_intraday.sql)[0m
[0m17:33:40.994514 [error] [MainThread]:   Database Error in model ohlcv_intraday (models/stock/ohlcv_intraday.sql)
  091385 (42601): SQL Compilation error:
  Invalid time type scale specified for column 'TS' with data type 'TIMESTAMP_NTZ(9)'. Please consult the Snowflake documentation for supported scales of TIME and TIMESTAMP types in Iceberg tables.
  compiled code at target/run/datapai/models/stock/ohlcv_intraday.sql
[0m17:33:40.994667 [info ] [MainThread]: 
[0m17:33:40.994824 [info ] [MainThread]:   compiled code at target/compiled/datapai/models/stock/ohlcv_intraday.sql
[0m17:33:40.994963 [info ] [MainThread]: 
[0m17:33:40.995112 [info ] [MainThread]: Done. PASS=3 WARN=0 ERROR=1 SKIP=0 NO-OP=0 TOTAL=4
[0m17:33:40.995379 [warn ] [MainThread]: [[33mWARNING[0m][DeprecationsSummary]: Deprecated functionality
Summary of encountered deprecations:
- ProjectFlagsMovedDeprecation: 1 occurrence
- MissingArgumentsPropertyInGenericTestDeprecation: 2 occurrences
To see all deprecation instances instead of just the first occurrence of each,
run command again with the `--show-all-deprecations` flag. You may also need to
run with `--no-partial-parse` as some deprecations are only encountered during
parsing.
[0m17:33:40.996152 [debug] [MainThread]: Resource report: {"command_name": "run", "command_success": false, "command_wall_clock_time": 22.167448, "process_in_blocks": "0", "process_kernel_time": 0.262796, "process_mem_max_rss": "200671232", "process_out_blocks": "0", "process_user_time": 2.238457}
[0m17:33:40.996352 [debug] [MainThread]: Command `dbt run` failed at 17:33:40.996317 after 22.17 seconds
[0m17:33:40.996525 [debug] [MainThread]: Flushing usage events


============================== 17:33:52.901854 | 6bec63bf-055b-4267-8870-4d07ca327d5f ==============================
[0m17:33:52.901854 [info ] [MainThread]: Running with dbt=1.11.0-b3
[0m17:33:52.903942 [debug] [MainThread]: running dbt with arguments {'version_check': 'True', 'log_format': 'default', 'introspect': 'True', 'use_experimental_parser': 'False', 'fail_fast': 'False', 'log_cache_events': 'False', 'invocation_command': 'dbt run --profiles-dir /Users/linlin/git/dbt-demo --project-dir /Users/linlin/git/dbt-demo --select stock.* --full-refresh', 'debug': 'False', 'empty': 'False', 'no_print': 'None', 'static_parser': 'True', 'send_anonymous_usage_stats': 'False', 'profiles_dir': '/Users/linlin/git/dbt-demo', 'write_json': 'True', 'use_colors': 'True', 'quiet': 'False', 'cache_selected_only': 'False', 'warn_error_options': 'WarnErrorOptionsV2(error=[], warn=[], silence=[])', 'warn_error': 'None', 'log_path': '/Users/linlin/git/dbt-demo/logs', 'indirect_selection': 'eager', 'partial_parse': 'True', 'target_path': 'None', 'printer_width': '80'}
[0m17:33:52.904160 [warn ] [MainThread]: [[33mWARNING[0m]: Deprecated functionality

User config should be moved from the 'config' key in profiles.yml to the 'flags' key in dbt_project.yml.
[0m17:33:53.121521 [info ] [MainThread]: Registered adapter: snowflake=1.10.2
[0m17:33:53.187148 [debug] [MainThread]: checksum: e63134dccc1251cfb572caf0e4aa952f030c125ee3634f3bf2c0a2e1bb6ae349, vars: {}, profile: , target: , version: 1.11.0b3
[0m17:33:53.373391 [debug] [MainThread]: Partial parsing enabled: 0 files deleted, 0 files added, 1 files changed.
[0m17:33:53.374100 [debug] [MainThread]: Partial parsing: updated file: datapai://models/stock/ohlcv_intraday.sql
[0m17:33:53.535299 [warn ] [MainThread]: [[33mWARNING[0m][MissingArgumentsPropertyInGenericTestDeprecation]: Deprecated
functionality
Found top-level arguments to test `accepted_values` defined on 'ohlcv_intraday'
in package 'datapai' (models/stock/schema.yml). Arguments to generic tests
should be nested under the `arguments` property.
[0m17:33:53.611872 [warn ] [MainThread]: [[33mWARNING[0m]: Configuration paths exist in your dbt_project.yml file which do not apply to any resources.
There are 8 unused configuration paths:
- models.reporting
- models.obt
- models.staging
- models.intermediate
- models.ai_mart
- seeds.marketing
- seeds.finance
- seeds.ai_mart
[0m17:33:53.793942 [debug] [MainThread]: Wrote artifact WritableManifest to /Users/linlin/git/dbt-demo/target/manifest.json
[0m17:33:53.795373 [debug] [MainThread]: Wrote artifact SemanticManifest to /Users/linlin/git/dbt-demo/target/semantic_manifest.json
[0m17:33:53.813206 [info ] [MainThread]: Found 68 models, 1 analysis, 21 seeds, 2 operations, 165 data tests, 19 sources, 11 exposures, 1444 macros
[0m17:33:53.815055 [info ] [MainThread]: 
[0m17:33:53.815232 [info ] [MainThread]: Concurrency: 3 threads (target='dev')
[0m17:33:53.815369 [info ] [MainThread]: 
[0m17:33:53.815609 [debug] [MainThread]: Acquiring new snowflake connection 'master'
[0m17:33:53.817764 [debug] [ThreadPool]: Acquiring new snowflake connection 'list_DATAPAI'
[0m17:33:53.876059 [debug] [ThreadPool]: Using snowflake connection "list_DATAPAI"
[0m17:33:53.876302 [debug] [ThreadPool]: On list_DATAPAI: show terse schemas in database DATAPAI
    limit 10000
/* {"app": "dbt", "dbt_version": "1.11.0b3", "profile_name": "datapai_snowflake", "target_name": "dev", "connection_name": "list_DATAPAI"} */
[0m17:33:53.876454 [debug] [ThreadPool]: Opening a new connection, currently in state init
[0m17:33:56.496856 [debug] [ThreadPool]: SQL status: SUCCESS 6 in 2.620 seconds
[0m17:33:56.498220 [debug] [ThreadPool]: On list_DATAPAI: Close
[0m17:33:56.598301 [debug] [ThreadPool]: Re-using an available connection from the pool (formerly list_DATAPAI, now list_DATAPAI_test_audit)
[0m17:33:56.599086 [debug] [ThreadPool]: Acquiring new snowflake connection 'list_DATAPAI_DATAPAI'
[0m17:33:56.608591 [debug] [ThreadPool]: Using snowflake connection "list_DATAPAI_test_audit"
[0m17:33:56.608953 [debug] [ThreadPool]: Acquiring new snowflake connection 'list_DATAPAI_audit'
[0m17:33:56.612443 [debug] [ThreadPool]: Using snowflake connection "list_DATAPAI_DATAPAI"
[0m17:33:56.612816 [debug] [ThreadPool]: On list_DATAPAI_test_audit: show objects in DATAPAI.test_audit
    limit 10000
    

/* {"app": "dbt", "dbt_version": "1.11.0b3", "profile_name": "datapai_snowflake", "target_name": "dev", "connection_name": "list_DATAPAI_test_audit"} */;
[0m17:33:56.615150 [debug] [ThreadPool]: Using snowflake connection "list_DATAPAI_audit"
[0m17:33:56.615368 [debug] [ThreadPool]: On list_DATAPAI_DATAPAI: show objects in DATAPAI.DATAPAI
    limit 10000
    

/* {"app": "dbt", "dbt_version": "1.11.0b3", "profile_name": "datapai_snowflake", "target_name": "dev", "connection_name": "list_DATAPAI_DATAPAI"} */;
[0m17:33:56.615575 [debug] [ThreadPool]: Opening a new connection, currently in state closed
[0m17:33:56.615782 [debug] [ThreadPool]: On list_DATAPAI_audit: show objects in DATAPAI.audit
    limit 10000
    

/* {"app": "dbt", "dbt_version": "1.11.0b3", "profile_name": "datapai_snowflake", "target_name": "dev", "connection_name": "list_DATAPAI_audit"} */;
[0m17:33:56.615994 [debug] [ThreadPool]: Opening a new connection, currently in state init
[0m17:33:56.616477 [debug] [ThreadPool]: Opening a new connection, currently in state init
[0m17:33:58.930523 [debug] [ThreadPool]: Snowflake adapter: Snowflake query id: 01c30449-3205-7ec3-0001-c41600b87642
[0m17:33:58.937207 [debug] [ThreadPool]: Snowflake adapter: Snowflake error: 002043 (02000): SQL compilation error:
Object does not exist, or operation cannot be performed.
[0m17:33:58.938578 [debug] [ThreadPool]: Snowflake adapter: Snowflake query id: 01c30449-3205-7ec3-0001-c41600b87646
[0m17:33:58.938869 [debug] [ThreadPool]: Snowflake adapter: Error running SQL: macro list_relations_without_caching
[0m17:33:58.939084 [debug] [ThreadPool]: Snowflake adapter: Snowflake error: 002043 (02000): SQL compilation error:
Object does not exist, or operation cannot be performed.
[0m17:33:58.939337 [debug] [ThreadPool]: Snowflake adapter: Rolling back transaction.
[0m17:33:58.939643 [debug] [ThreadPool]: Snowflake adapter: Error running SQL: macro list_relations_without_caching
[0m17:33:58.939903 [debug] [ThreadPool]: On list_DATAPAI_audit: Close
[0m17:33:58.940102 [debug] [ThreadPool]: Snowflake adapter: Rolling back transaction.
[0m17:33:58.940885 [debug] [ThreadPool]: On list_DATAPAI_test_audit: Close
[0m17:33:58.967880 [debug] [ThreadPool]: SQL status: SUCCESS 59 in 2.352 seconds
[0m17:33:58.971067 [debug] [ThreadPool]: On list_DATAPAI_DATAPAI: Close
[0m17:33:59.020465 [debug] [ThreadPool]: Re-using an available connection from the pool (formerly list_DATAPAI_test_audit, now list_DATAPAI_STOCK)
[0m17:33:59.023471 [debug] [ThreadPool]: Using snowflake connection "list_DATAPAI_STOCK"
[0m17:33:59.023959 [debug] [ThreadPool]: Re-using an available connection from the pool (formerly list_DATAPAI_audit, now list_DATAPAI_ai_mart)
[0m17:33:59.024184 [debug] [ThreadPool]: On list_DATAPAI_STOCK: show objects in DATAPAI.STOCK
    limit 10000
    

/* {"app": "dbt", "dbt_version": "1.11.0b3", "profile_name": "datapai_snowflake", "target_name": "dev", "connection_name": "list_DATAPAI_STOCK"} */;
[0m17:33:59.027240 [debug] [ThreadPool]: Using snowflake connection "list_DATAPAI_ai_mart"
[0m17:33:59.027549 [debug] [ThreadPool]: Opening a new connection, currently in state closed
[0m17:33:59.027773 [debug] [ThreadPool]: On list_DATAPAI_ai_mart: show objects in DATAPAI.ai_mart
    limit 10000
    

/* {"app": "dbt", "dbt_version": "1.11.0b3", "profile_name": "datapai_snowflake", "target_name": "dev", "connection_name": "list_DATAPAI_ai_mart"} */;
[0m17:33:59.028250 [debug] [ThreadPool]: Opening a new connection, currently in state closed
[0m17:33:59.333991 [debug] [ThreadPool]: Snowflake adapter: Snowflake query id: 01c30449-3205-7ec3-0001-c41600b8764e
[0m17:33:59.334330 [debug] [ThreadPool]: Snowflake adapter: Snowflake error: 002043 (02000): SQL compilation error:
Object does not exist, or operation cannot be performed.
[0m17:33:59.334616 [debug] [ThreadPool]: Snowflake adapter: Error running SQL: macro list_relations_without_caching
[0m17:33:59.334804 [debug] [ThreadPool]: Snowflake adapter: Rolling back transaction.
[0m17:33:59.335084 [debug] [ThreadPool]: On list_DATAPAI_ai_mart: Close
[0m17:33:59.343052 [debug] [ThreadPool]: SQL status: SUCCESS 1 in 0.315 seconds
[0m17:33:59.344085 [debug] [ThreadPool]: On list_DATAPAI_STOCK: Close
[0m17:33:59.437794 [debug] [MainThread]: Writing injected SQL for node "operation.elementary.elementary-on-run-start-0"
[0m17:33:59.440059 [info ] [MainThread]: 1 of 1 START hook: elementary.on-run-start.0 ................................... [RUN]
[0m17:33:59.440370 [info ] [MainThread]: 1 of 1 OK hook: elementary.on-run-start.0 ...................................... [[32mOK[0m in 0.02s]
[0m17:33:59.440563 [info ] [MainThread]: 
[0m17:33:59.441713 [debug] [Thread-1  ]: Began running node model.datapai.ohlcv_intraday
[0m17:33:59.441985 [debug] [Thread-2  ]: Began running node model.datapai.prices
[0m17:33:59.442313 [info ] [Thread-1  ]: 1 of 2 START sql table model STOCK.ohlcv_intraday .............................. [RUN]
[0m17:33:59.442612 [info ] [Thread-2  ]: 2 of 2 START sql table model STOCK.prices ...................................... [RUN]
[0m17:33:59.442884 [debug] [Thread-1  ]: Re-using an available connection from the pool (formerly list_DATAPAI_STOCK, now model.datapai.ohlcv_intraday)
[0m17:33:59.443110 [debug] [Thread-2  ]: Re-using an available connection from the pool (formerly list_DATAPAI_DATAPAI, now model.datapai.prices)
[0m17:33:59.443353 [debug] [Thread-1  ]: Began compiling node model.datapai.ohlcv_intraday
[0m17:33:59.443591 [debug] [Thread-2  ]: Began compiling node model.datapai.prices
[0m17:33:59.447092 [debug] [Thread-1  ]: Writing injected SQL for node "model.datapai.ohlcv_intraday"
[0m17:33:59.450746 [debug] [Thread-2  ]: Writing injected SQL for node "model.datapai.prices"
[0m17:33:59.451228 [debug] [Thread-2  ]: Began executing node model.datapai.prices
[0m17:33:59.457409 [debug] [Thread-1  ]: Began executing node model.datapai.ohlcv_intraday
[0m17:33:59.512483 [debug] [Thread-1  ]: Writing runtime sql for node "model.datapai.ohlcv_intraday"
[0m17:33:59.517505 [debug] [Thread-2  ]: Writing runtime sql for node "model.datapai.prices"
[0m17:33:59.518415 [debug] [Thread-1  ]: Using snowflake connection "model.datapai.ohlcv_intraday"
[0m17:33:59.519059 [debug] [Thread-2  ]: Using snowflake connection "model.datapai.prices"
[0m17:33:59.519283 [debug] [Thread-1  ]: On model.datapai.ohlcv_intraday: create or replace iceberg table DATAPAI.STOCK.ohlcv_intraday
    external_volume = 'DATAPAI_S3_VOL'

    catalog = 'SNOWFLAKE'  -- required, and always SNOWFLAKE for built-in Iceberg tables
    base_location = 'ohlcv_intraday/STOCK/ohlcv_intraday'
    

    

    

    

    
    
    
as (select * from (
        

/*
  30-minute OHLCV intraday bars — Snowflake Managed Iceberg table.

  Source:       S3 raw Parquet at s3://$S3_BUCKET_STOCK/stock/raw/ohlcv_intraday/
  Stage:        DATAPAI.STOCK.S3_RAW_STAGE (DATAPAI_S3_INTEGRATION)
  Bronze path:  s3://$S3_BUCKET_STOCK/stock/bronze/ohlcv_intraday/STOCK/ohlcv_intraday/  (written by Snowflake)
  Data loader:  scripts/sync_snowflake_iceberg.py  ← partition-level DELETE+INSERT
  Full rebuild: dbt run --full-refresh --select ohlcv_intraday

  Note: requires dbt-snowflake>=1.9 (Python 3.9+) for Managed Iceberg table_format config.
  For daily delta loads use scripts/sync_snowflake_iceberg.py --mode delta.
*/




SELECT
    $1:ticker::VARCHAR(20)    AS ticker,
    $1:ts::TIMESTAMP_NTZ(6)   AS ts,
    $1:open::DOUBLE           AS open,
    $1:high::DOUBLE           AS high,
    $1:low::DOUBLE            AS low,
    $1:close::DOUBLE          AS close,
    $1:volume::BIGINT         AS volume,
    $1:exchange::VARCHAR(10)  AS exchange,
    $1:source::VARCHAR(20)    AS source
FROM @DATAPAI.STOCK.S3_RAW_STAGE/ohlcv_intraday/
    )
    order by (
        exchange, ts::DATE
    )
    )

/* {"app": "dbt", "dbt_version": "1.11.0b3", "profile_name": "datapai_snowflake", "target_name": "dev", "node_id": "model.datapai.ohlcv_intraday"} */;
[0m17:33:59.519518 [debug] [Thread-2  ]: On model.datapai.prices: create or replace iceberg table DATAPAI.STOCK.prices
    external_volume = 'DATAPAI_S3_VOL'

    catalog = 'SNOWFLAKE'  -- required, and always SNOWFLAKE for built-in Iceberg tables
    base_location = 'prices/STOCK/prices'
    

    

    

    

    
    
    
as (select * from (
        

/*
  Daily OHLCV prices — Snowflake Managed Iceberg table.

  Source:       S3 raw Parquet at s3://$S3_BUCKET_STOCK/stock/raw/prices/
  Stage:        DATAPAI.STOCK.S3_RAW_STAGE (DATAPAI_S3_INTEGRATION)
  Bronze path:  s3://$S3_BUCKET_STOCK/stock/bronze/prices/STOCK/prices/  (written by Snowflake)
  Data loader:  scripts/sync_snowflake_iceberg.py  ← partition-level DELETE+INSERT
  Full rebuild: dbt run --full-refresh --select prices

  Schema managed by dbt.  Data loaded by sync_snowflake_iceberg.py.

  Note: requires dbt-snowflake>=1.9 (Python 3.9+) for Managed Iceberg table_format config.
  For daily delta loads use scripts/sync_snowflake_iceberg.py --mode delta.
*/




SELECT
    $1:ticker::VARCHAR(20)    AS ticker,
    $1:trade_date::DATE       AS trade_date,
    $1:open::DOUBLE           AS open,
    $1:high::DOUBLE           AS high,
    $1:low::DOUBLE            AS low,
    $1:close::DOUBLE          AS close,
    $1:adj_close::DOUBLE      AS adj_close,
    $1:volume::BIGINT         AS volume,
    $1:exchange::VARCHAR(10)  AS exchange,
    $1:source::VARCHAR(20)    AS source
FROM @DATAPAI.STOCK.S3_RAW_STAGE/prices/
    )
    order by (
        exchange, trade_date
    )
    )

/* {"app": "dbt", "dbt_version": "1.11.0b3", "profile_name": "datapai_snowflake", "target_name": "dev", "node_id": "model.datapai.prices"} */;
[0m17:33:59.519735 [debug] [Thread-1  ]: Opening a new connection, currently in state closed
[0m17:33:59.519893 [debug] [Thread-2  ]: Opening a new connection, currently in state closed
[0m17:34:01.766865 [debug] [Thread-1  ]: SQL status: SUCCESS 1 in 2.247 seconds
[0m17:34:01.767608 [debug] [Thread-1  ]: Using snowflake connection "model.datapai.ohlcv_intraday"
[0m17:34:01.767985 [debug] [Thread-1  ]: On model.datapai.ohlcv_intraday: alter iceberg table DATAPAI.STOCK.ohlcv_intraday cluster by (exchange, ts::DATE)
/* {"app": "dbt", "dbt_version": "1.11.0b3", "profile_name": "datapai_snowflake", "target_name": "dev", "node_id": "model.datapai.ohlcv_intraday"} */;
[0m17:34:02.076086 [debug] [Thread-1  ]: SQL status: SUCCESS 1 in 0.308 seconds
[0m17:34:02.090141 [debug] [Thread-1  ]: On model.datapai.ohlcv_intraday: Close
[0m17:34:02.198293 [info ] [Thread-1  ]: 1 of 2 OK created sql table model STOCK.ohlcv_intraday ......................... [[32mSUCCESS 1[0m in 2.75s]
[0m17:34:02.198803 [debug] [Thread-1  ]: Finished running node model.datapai.ohlcv_intraday
[0m17:34:13.748429 [debug] [Thread-2  ]: SQL status: SUCCESS 1 in 14.228 seconds
[0m17:34:13.749060 [debug] [Thread-2  ]: Using snowflake connection "model.datapai.prices"
[0m17:34:13.749379 [debug] [Thread-2  ]: On model.datapai.prices: alter iceberg table DATAPAI.STOCK.prices cluster by (exchange, trade_date)
/* {"app": "dbt", "dbt_version": "1.11.0b3", "profile_name": "datapai_snowflake", "target_name": "dev", "node_id": "model.datapai.prices"} */;
[0m17:34:13.894333 [debug] [Thread-2  ]: SQL status: SUCCESS 1 in 0.144 seconds
[0m17:34:13.897411 [debug] [Thread-2  ]: On model.datapai.prices: Close
[0m17:34:13.960516 [info ] [Thread-2  ]: 2 of 2 OK created sql table model STOCK.prices ................................. [[32mSUCCESS 1[0m in 14.52s]
[0m17:34:13.961099 [debug] [Thread-2  ]: Finished running node model.datapai.prices
[0m17:34:13.962163 [info ] [MainThread]: 
[0m17:34:13.979978 [debug] [MainThread]: Elementary: Uploading dbt artifacts.
[0m17:34:13.993427 [debug] [MainThread]: Writing injected SQL for node "operation.elementary.elementary-on-run-end-0"
[0m17:34:13.994118 [info ] [MainThread]: 1 of 1 START hook: elementary.on-run-end.0 ..................................... [RUN]
[0m17:34:13.994385 [info ] [MainThread]: 1 of 1 OK hook: elementary.on-run-end.0 ........................................ [[32mOK[0m in 0.03s]
[0m17:34:13.994641 [debug] [MainThread]: Connection 'master' was properly closed.
[0m17:34:13.994802 [debug] [MainThread]: Connection 'model.datapai.ohlcv_intraday' was properly closed.
[0m17:34:13.994949 [debug] [MainThread]: Connection 'model.datapai.prices' was properly closed.
[0m17:34:13.995093 [debug] [MainThread]: Connection 'list_DATAPAI_ai_mart' was properly closed.
[0m17:34:13.995300 [info ] [MainThread]: 
[0m17:34:13.995480 [info ] [MainThread]: Finished running 2 project hooks, 2 table models in 0 hours 0 minutes and 20.18 seconds (20.18s).
[0m17:34:13.995989 [debug] [MainThread]: Command end result
[0m17:34:14.064016 [debug] [MainThread]: Wrote artifact WritableManifest to /Users/linlin/git/dbt-demo/target/manifest.json
[0m17:34:14.065375 [debug] [MainThread]: Wrote artifact SemanticManifest to /Users/linlin/git/dbt-demo/target/semantic_manifest.json
[0m17:34:14.068196 [debug] [MainThread]: Wrote artifact RunExecutionResult to /Users/linlin/git/dbt-demo/target/run_results.json
[0m17:34:14.068357 [info ] [MainThread]: 
[0m17:34:14.068542 [info ] [MainThread]: [32mCompleted successfully[0m
[0m17:34:14.068697 [info ] [MainThread]: 
[0m17:34:14.068854 [info ] [MainThread]: Done. PASS=4 WARN=0 ERROR=0 SKIP=0 NO-OP=0 TOTAL=4
[0m17:34:14.069121 [warn ] [MainThread]: [[33mWARNING[0m][DeprecationsSummary]: Deprecated functionality
Summary of encountered deprecations:
- ProjectFlagsMovedDeprecation: 1 occurrence
- MissingArgumentsPropertyInGenericTestDeprecation: 2 occurrences
To see all deprecation instances instead of just the first occurrence of each,
run command again with the `--show-all-deprecations` flag. You may also need to
run with `--no-partial-parse` as some deprecations are only encountered during
parsing.
[0m17:34:14.070262 [debug] [MainThread]: Resource report: {"command_name": "run", "command_success": true, "command_wall_clock_time": 21.204618, "process_in_blocks": "0", "process_kernel_time": 0.231323, "process_mem_max_rss": "199819264", "process_out_blocks": "0", "process_user_time": 2.188424}
[0m17:34:14.070539 [debug] [MainThread]: Command `dbt run` succeeded at 17:34:14.070490 after 21.20 seconds
[0m17:34:14.070742 [debug] [MainThread]: Flushing usage events


============================== 18:07:00.667997 | a815f7f6-17fc-4321-866d-6e6b0671bf0b ==============================
[0m18:07:00.667997 [info ] [MainThread]: Running with dbt=1.7.19
[0m18:07:00.670674 [debug] [MainThread]: running dbt with arguments {'printer_width': '80', 'indirect_selection': 'eager', 'write_json': 'True', 'log_cache_events': 'False', 'partial_parse': 'True', 'cache_selected_only': 'False', 'profiles_dir': '/Users/linlin/git/dbt-demo', 'debug': 'False', 'warn_error': 'None', 'log_path': '/Users/linlin/git/dbt-demo/logs', 'fail_fast': 'False', 'version_check': 'True', 'use_colors': 'True', 'use_experimental_parser': 'False', 'no_print': 'None', 'quiet': 'False', 'log_format': 'default', 'static_parser': 'True', 'warn_error_options': 'WarnErrorOptions(include=[], exclude=[])', 'introspect': 'True', 'target_path': 'None', 'invocation_command': 'dbt run --full-refresh --select stock.* --profiles-dir /Users/linlin/git/dbt-demo --profile datapai_snowflake', 'send_anonymous_usage_stats': 'False'}
[0m18:07:00.670871 [warn ] [MainThread]: [[33mWARNING[0m]: Deprecated functionality

User config should be moved from the 'config' key in profiles.yml to the 'flags' key in dbt_project.yml.
[0m18:07:01.026618 [info ] [MainThread]: Registered adapter: snowflake=1.7.5
[0m18:07:01.054430 [debug] [MainThread]: checksum: b590ab2483c66206c92006c51254e2ca861c4aaeedae29b339cf456c6133aec1, vars: {}, profile: datapai_snowflake, target: , version: 1.7.19
[0m18:07:01.080905 [info ] [MainThread]: Unable to do partial parsing because of a version mismatch
[0m18:07:03.643686 [warn ] [MainThread]: [[33mWARNING[0m]: Configuration paths exist in your dbt_project.yml file which do not apply to any resources.
There are 8 unused configuration paths:
- models.reporting
- models.staging
- models.intermediate
- models.ai_mart
- models.obt
- seeds.ai_mart
- seeds.finance
- seeds.marketing
[0m18:07:03.679555 [info ] [MainThread]: Found 68 models, 1 analysis, 21 seeds, 2 operations, 165 tests, 19 sources, 11 exposures, 0 metrics, 1383 macros, 0 groups, 0 semantic models
[0m18:07:03.681396 [info ] [MainThread]: 
[0m18:07:03.681769 [debug] [MainThread]: Acquiring new snowflake connection 'master'
[0m18:07:03.682279 [debug] [ThreadPool]: Acquiring new snowflake connection 'list_DATAPAI'
[0m18:07:03.689075 [debug] [ThreadPool]: Using snowflake connection "list_DATAPAI"
[0m18:07:03.689284 [debug] [ThreadPool]: On list_DATAPAI: /* {"app": "dbt", "dbt_version": "1.7.19", "profile_name": "datapai_snowflake", "target_name": "dev", "connection_name": "list_DATAPAI"} */
show terse schemas in database DATAPAI
    limit 10000
[0m18:07:03.689415 [debug] [ThreadPool]: Opening a new connection, currently in state init
[0m18:07:06.316803 [debug] [ThreadPool]: SQL status: SUCCESS 6 in 3.0 seconds
[0m18:07:06.318422 [debug] [ThreadPool]: On list_DATAPAI: Close
[0m18:07:06.394620 [debug] [ThreadPool]: Re-using an available connection from the pool (formerly list_DATAPAI, now list_DATAPAI_STOCK)
[0m18:07:06.395404 [debug] [ThreadPool]: Acquiring new snowflake connection 'list_DATAPAI_ai_mart'
[0m18:07:06.462950 [debug] [ThreadPool]: Using snowflake connection "list_DATAPAI_STOCK"
[0m18:07:06.463413 [debug] [ThreadPool]: Acquiring new snowflake connection 'list_DATAPAI_test_audit'
[0m18:07:06.465242 [debug] [ThreadPool]: Using snowflake connection "list_DATAPAI_ai_mart"
[0m18:07:06.465441 [debug] [ThreadPool]: On list_DATAPAI_STOCK: /* {"app": "dbt", "dbt_version": "1.7.19", "profile_name": "datapai_snowflake", "target_name": "dev", "connection_name": "list_DATAPAI_STOCK"} */
show objects in DATAPAI.STOCK limit 10000
[0m18:07:06.467752 [debug] [ThreadPool]: Using snowflake connection "list_DATAPAI_test_audit"
[0m18:07:06.468054 [debug] [ThreadPool]: On list_DATAPAI_ai_mart: /* {"app": "dbt", "dbt_version": "1.7.19", "profile_name": "datapai_snowflake", "target_name": "dev", "connection_name": "list_DATAPAI_ai_mart"} */
show objects in DATAPAI.ai_mart limit 10000
[0m18:07:06.468259 [debug] [ThreadPool]: Opening a new connection, currently in state closed
[0m18:07:06.468418 [debug] [ThreadPool]: On list_DATAPAI_test_audit: /* {"app": "dbt", "dbt_version": "1.7.19", "profile_name": "datapai_snowflake", "target_name": "dev", "connection_name": "list_DATAPAI_test_audit"} */
show objects in DATAPAI.test_audit limit 10000
[0m18:07:06.468558 [debug] [ThreadPool]: Opening a new connection, currently in state init
[0m18:07:06.468993 [debug] [ThreadPool]: Opening a new connection, currently in state init
[0m18:07:06.769052 [debug] [ThreadPool]: SQL status: SUCCESS 0 in 0.0 seconds
[0m18:07:06.770063 [debug] [ThreadPool]: On list_DATAPAI_STOCK: Close
[0m18:07:06.784652 [debug] [ThreadPool]: Snowflake adapter: Snowflake query id: 01c3046b-3205-7ec3-0001-c41600b8799e
[0m18:07:06.786176 [debug] [ThreadPool]: Snowflake adapter: Snowflake query id: 01c3046b-3205-7ec3-0001-c41600b8799a
[0m18:07:06.786517 [debug] [ThreadPool]: Snowflake adapter: Snowflake error: 002043 (02000): SQL compilation error:
Object does not exist, or operation cannot be performed.
[0m18:07:06.787002 [debug] [ThreadPool]: Snowflake adapter: Snowflake error: 002043 (02000): SQL compilation error:
Object does not exist, or operation cannot be performed.
[0m18:07:06.787287 [debug] [ThreadPool]: Snowflake adapter: Error running SQL: macro list_relations_without_caching
[0m18:07:06.787512 [debug] [ThreadPool]: Snowflake adapter: Error running SQL: macro list_relations_without_caching
[0m18:07:06.787695 [debug] [ThreadPool]: Snowflake adapter: Rolling back transaction.
[0m18:07:06.787968 [debug] [ThreadPool]: Snowflake adapter: Rolling back transaction.
[0m18:07:06.788204 [debug] [ThreadPool]: On list_DATAPAI_test_audit: Close
[0m18:07:06.788499 [debug] [ThreadPool]: On list_DATAPAI_ai_mart: Close
[0m18:07:06.851695 [debug] [ThreadPool]: Re-using an available connection from the pool (formerly list_DATAPAI_STOCK, now list_DATAPAI_audit)
[0m18:07:06.852313 [debug] [ThreadPool]: Re-using an available connection from the pool (formerly list_DATAPAI_test_audit, now list_DATAPAI_DATAPAI)
[0m18:07:06.854948 [debug] [ThreadPool]: Using snowflake connection "list_DATAPAI_DATAPAI"
[0m18:07:06.856943 [debug] [ThreadPool]: Using snowflake connection "list_DATAPAI_audit"
[0m18:07:06.857191 [debug] [ThreadPool]: On list_DATAPAI_DATAPAI: /* {"app": "dbt", "dbt_version": "1.7.19", "profile_name": "datapai_snowflake", "target_name": "dev", "connection_name": "list_DATAPAI_DATAPAI"} */
show objects in DATAPAI.DATAPAI limit 10000
[0m18:07:06.857407 [debug] [ThreadPool]: On list_DATAPAI_audit: /* {"app": "dbt", "dbt_version": "1.7.19", "profile_name": "datapai_snowflake", "target_name": "dev", "connection_name": "list_DATAPAI_audit"} */
show objects in DATAPAI.audit limit 10000
[0m18:07:06.857630 [debug] [ThreadPool]: Opening a new connection, currently in state closed
[0m18:07:06.857822 [debug] [ThreadPool]: Opening a new connection, currently in state closed
[0m18:07:08.086289 [debug] [ThreadPool]: Snowflake adapter: Snowflake query id: 01c3046b-3205-7ec3-0001-c41600b879a6
[0m18:07:08.086681 [debug] [ThreadPool]: Snowflake adapter: Snowflake error: 002043 (02000): SQL compilation error:
Object does not exist, or operation cannot be performed.
[0m18:07:08.086988 [debug] [ThreadPool]: Snowflake adapter: Error running SQL: macro list_relations_without_caching
[0m18:07:08.087184 [debug] [ThreadPool]: Snowflake adapter: Rolling back transaction.
[0m18:07:08.087478 [debug] [ThreadPool]: On list_DATAPAI_audit: Close
[0m18:07:08.234472 [debug] [ThreadPool]: SQL status: SUCCESS 59 in 1.0 seconds
[0m18:07:08.238977 [debug] [ThreadPool]: On list_DATAPAI_DATAPAI: Close
[0m18:07:08.315313 [info ] [MainThread]: 
[0m18:07:08.315612 [info ] [MainThread]: Running 1 on-run-start hook
[0m18:07:08.322945 [debug] [MainThread]: Writing injected SQL for node "operation.elementary.elementary-on-run-start-0"
[0m18:07:08.326539 [info ] [MainThread]: 1 of 1 START hook: elementary.on-run-start.0 ................................... [RUN]
[0m18:07:08.326928 [info ] [MainThread]: 1 of 1 OK hook: elementary.on-run-start.0 ...................................... [[32mOK[0m in 0.00s]
[0m18:07:08.327117 [info ] [MainThread]: 
[0m18:07:08.327530 [info ] [MainThread]: Concurrency: 3 threads (target='dev')
[0m18:07:08.327695 [info ] [MainThread]: 
[0m18:07:08.328608 [debug] [Thread-1  ]: Began running node model.datapai.ohlcv_intraday
[0m18:07:08.329068 [debug] [Thread-2  ]: Began running node model.datapai.prices
[0m18:07:08.329318 [info ] [Thread-1  ]: 1 of 2 START sql table model STOCK.ohlcv_intraday .............................. [RUN]
[0m18:07:08.329567 [info ] [Thread-2  ]: 2 of 2 START sql table model STOCK.prices ...................................... [RUN]
[0m18:07:08.329916 [debug] [Thread-1  ]: Re-using an available connection from the pool (formerly list_DATAPAI_audit, now model.datapai.ohlcv_intraday)
[0m18:07:08.330210 [debug] [Thread-2  ]: Re-using an available connection from the pool (formerly list_DATAPAI_ai_mart, now model.datapai.prices)
[0m18:07:08.330397 [debug] [Thread-1  ]: Began compiling node model.datapai.ohlcv_intraday
[0m18:07:08.330568 [debug] [Thread-2  ]: Began compiling node model.datapai.prices
[0m18:07:08.333477 [debug] [Thread-1  ]: Writing injected SQL for node "model.datapai.ohlcv_intraday"
[0m18:07:08.336935 [debug] [Thread-2  ]: Writing injected SQL for node "model.datapai.prices"
[0m18:07:08.337674 [debug] [Thread-1  ]: Timing info for model.datapai.ohlcv_intraday (compile): 18:07:08.330698 => 18:07:08.337549
[0m18:07:08.337903 [debug] [Thread-2  ]: Timing info for model.datapai.prices (compile): 18:07:08.333625 => 18:07:08.337795
[0m18:07:08.338084 [debug] [Thread-1  ]: Began executing node model.datapai.ohlcv_intraday
[0m18:07:08.338271 [debug] [Thread-2  ]: Began executing node model.datapai.prices
[0m18:07:08.353540 [debug] [Thread-1  ]: Writing runtime sql for node "model.datapai.ohlcv_intraday"
[0m18:07:08.355793 [debug] [Thread-2  ]: Writing runtime sql for node "model.datapai.prices"
[0m18:07:08.356683 [debug] [Thread-2  ]: Using snowflake connection "model.datapai.prices"
[0m18:07:08.357253 [debug] [Thread-1  ]: Using snowflake connection "model.datapai.ohlcv_intraday"
[0m18:07:08.357447 [debug] [Thread-2  ]: On model.datapai.prices: /* {"app": "dbt", "dbt_version": "1.7.19", "profile_name": "datapai_snowflake", "target_name": "dev", "node_id": "model.datapai.prices"} */
create or replace  table DATAPAI.STOCK.prices
         as
        (select * from (
              

/*
  Daily OHLCV prices — Snowflake permanent table (CTAS from S3 raw stage).

  Source:       S3 raw Parquet at s3://$S3_BUCKET_STOCK/stock/raw/prices/
  Stage:        DATAPAI.STOCK.S3_RAW_STAGE (DATAPAI_S3_INTEGRATION)
  Data loader:  scripts/sync_s3_to_snowflake.py  ← partition-level DELETE+INSERT
  Full rebuild: dbt run --full-refresh --select prices

  Schema managed by dbt.  Data loaded by sync_s3_to_snowflake.py.
  For daily delta loads use scripts/sync_s3_to_snowflake.py --mode delta.
*/




SELECT
    $1:ticker::VARCHAR(20)    AS ticker,
    $1:trade_date::DATE       AS trade_date,
    $1:open::DOUBLE           AS open,
    $1:high::DOUBLE           AS high,
    $1:low::DOUBLE            AS low,
    $1:close::DOUBLE          AS close,
    $1:adj_close::DOUBLE      AS adj_close,
    $1:volume::BIGINT         AS volume,
    $1:exchange::VARCHAR(10)  AS exchange,
    $1:source::VARCHAR(20)    AS source
FROM @DATAPAI.STOCK.S3_RAW_STAGE/prices/
              ) order by (exchange, trade_date)
        );
[0m18:07:08.357654 [debug] [Thread-1  ]: On model.datapai.ohlcv_intraday: /* {"app": "dbt", "dbt_version": "1.7.19", "profile_name": "datapai_snowflake", "target_name": "dev", "node_id": "model.datapai.ohlcv_intraday"} */
create or replace  table DATAPAI.STOCK.ohlcv_intraday
         as
        (select * from (
              

/*
  30-minute OHLCV intraday bars — Snowflake permanent table (CTAS from S3 raw stage).

  Source:       S3 raw Parquet at s3://$S3_BUCKET_STOCK/stock/raw/ohlcv_intraday/
  Stage:        DATAPAI.STOCK.S3_RAW_STAGE (DATAPAI_S3_INTEGRATION)
  Data loader:  scripts/sync_s3_to_snowflake.py  ← partition-level DELETE+INSERT
  Full rebuild: dbt run --full-refresh --select ohlcv_intraday

  Schema managed by dbt.  Data loaded by sync_s3_to_snowflake.py.
  For daily delta loads use scripts/sync_s3_to_snowflake.py --mode delta.
*/




SELECT
    $1:ticker::VARCHAR(20)    AS ticker,
    $1:ts::TIMESTAMP_TZ       AS ts,
    $1:open::DOUBLE           AS open,
    $1:high::DOUBLE           AS high,
    $1:low::DOUBLE            AS low,
    $1:close::DOUBLE          AS close,
    $1:volume::BIGINT         AS volume,
    $1:exchange::VARCHAR(10)  AS exchange,
    $1:source::VARCHAR(20)    AS source
FROM @DATAPAI.STOCK.S3_RAW_STAGE/ohlcv_intraday/
              ) order by (exchange, ts::DATE)
        );
[0m18:07:08.357838 [debug] [Thread-2  ]: Opening a new connection, currently in state closed
[0m18:07:08.358003 [debug] [Thread-1  ]: Opening a new connection, currently in state closed
[0m18:07:09.566575 [debug] [Thread-1  ]: SQL status: SUCCESS 1 in 1.0 seconds
[0m18:07:09.567938 [debug] [Thread-1  ]: Using snowflake connection "model.datapai.ohlcv_intraday"
[0m18:07:09.568671 [debug] [Thread-1  ]: On model.datapai.ohlcv_intraday: /* {"app": "dbt", "dbt_version": "1.7.19", "profile_name": "datapai_snowflake", "target_name": "dev", "node_id": "model.datapai.ohlcv_intraday"} */
alter table DATAPAI.STOCK.ohlcv_intraday cluster by (exchange, ts::DATE);
[0m18:07:09.708974 [debug] [Thread-1  ]: SQL status: SUCCESS 1 in 0.0 seconds
[0m18:07:09.724029 [debug] [Thread-1  ]: Timing info for model.datapai.ohlcv_intraday (execute): 18:07:08.338392 => 18:07:09.723865
[0m18:07:09.724348 [debug] [Thread-1  ]: On model.datapai.ohlcv_intraday: Close
[0m18:07:09.799491 [info ] [Thread-1  ]: 1 of 2 OK created sql table model STOCK.ohlcv_intraday ......................... [[32mSUCCESS 1[0m in 1.47s]
[0m18:07:09.800002 [debug] [Thread-1  ]: Finished running node model.datapai.ohlcv_intraday
[0m18:07:21.100398 [debug] [Thread-2  ]: SQL status: SUCCESS 1 in 13.0 seconds
[0m18:07:21.100848 [debug] [Thread-2  ]: Using snowflake connection "model.datapai.prices"
[0m18:07:21.101125 [debug] [Thread-2  ]: On model.datapai.prices: /* {"app": "dbt", "dbt_version": "1.7.19", "profile_name": "datapai_snowflake", "target_name": "dev", "node_id": "model.datapai.prices"} */
alter table DATAPAI.STOCK.prices cluster by (exchange, trade_date);
[0m18:07:21.277991 [debug] [Thread-2  ]: SQL status: SUCCESS 1 in 0.0 seconds
[0m18:07:21.280430 [debug] [Thread-2  ]: Timing info for model.datapai.prices (execute): 18:07:08.353703 => 18:07:21.280249
[0m18:07:21.280756 [debug] [Thread-2  ]: On model.datapai.prices: Close
[0m18:07:21.356250 [info ] [Thread-2  ]: 2 of 2 OK created sql table model STOCK.prices ................................. [[32mSUCCESS 1[0m in 13.03s]
[0m18:07:21.357004 [debug] [Thread-2  ]: Finished running node model.datapai.prices
[0m18:07:21.358268 [info ] [MainThread]: 
[0m18:07:21.358631 [info ] [MainThread]: Running 1 on-run-end hook
[0m18:07:21.373565 [debug] [MainThread]: Elementary: Uploading dbt artifacts.
[0m18:07:21.388988 [debug] [MainThread]: Writing injected SQL for node "operation.elementary.elementary-on-run-end-0"
[0m18:07:21.390595 [info ] [MainThread]: 1 of 1 START hook: elementary.on-run-end.0 ..................................... [RUN]
[0m18:07:21.390868 [info ] [MainThread]: 1 of 1 OK hook: elementary.on-run-end.0 ........................................ [[32mOK[0m in 0.00s]
[0m18:07:21.391060 [info ] [MainThread]: 
[0m18:07:21.391425 [debug] [MainThread]: Connection 'master' was properly closed.
[0m18:07:21.391589 [debug] [MainThread]: Connection 'model.datapai.ohlcv_intraday' was properly closed.
[0m18:07:21.391749 [debug] [MainThread]: Connection 'model.datapai.prices' was properly closed.
[0m18:07:21.391910 [debug] [MainThread]: Connection 'list_DATAPAI_DATAPAI' was properly closed.
[0m18:07:21.392096 [info ] [MainThread]: 
[0m18:07:21.392288 [info ] [MainThread]: Finished running 2 table models, 2 hooks in 0 hours 0 minutes and 17.71 seconds (17.71s).
[0m18:07:21.392686 [debug] [MainThread]: Command end result
[0m18:07:21.412745 [info ] [MainThread]: 
[0m18:07:21.413019 [info ] [MainThread]: [32mCompleted successfully[0m
[0m18:07:21.413181 [info ] [MainThread]: 
[0m18:07:21.413345 [info ] [MainThread]: Done. PASS=2 WARN=0 ERROR=0 SKIP=0 TOTAL=2
[0m18:07:21.414257 [debug] [MainThread]: Resource report: {"command_name": "run", "command_success": true, "command_wall_clock_time": 20.77753, "process_user_time": 4.367727, "process_kernel_time": 0.336866, "process_mem_max_rss": "254885888", "process_in_blocks": "0", "process_out_blocks": "0"}
[0m18:07:21.414455 [debug] [MainThread]: Command `dbt run` succeeded at 18:07:21.414397 after 20.78 seconds
[0m18:07:21.414629 [debug] [MainThread]: Flushing usage events
